-- phpMyAdmin SQL Dump
-- version 4.7.0
-- https://www.phpmyadmin.net/
--
-- Servidor: 127.0.0.1
-- Tiempo de generación: 17-05-2017 a las 10:13:01
-- Versión del servidor: 10.1.21-MariaDB
-- Versión de PHP: 7.0.16

SET SQL_MODE = "NO_AUTO_VALUE_ON_ZERO";
SET AUTOCOMMIT = 0;
START TRANSACTION;
SET time_zone = "+00:00";


/*!40101 SET @OLD_CHARACTER_SET_CLIENT=@@CHARACTER_SET_CLIENT */;
/*!40101 SET @OLD_CHARACTER_SET_RESULTS=@@CHARACTER_SET_RESULTS */;
/*!40101 SET @OLD_COLLATION_CONNECTION=@@COLLATION_CONNECTION */;
/*!40101 SET NAMES utf8mb4 */;

--
-- Base de datos: `strongertogether`
--

-- --------------------------------------------------------

--
-- Estructura de tabla para la tabla `categoria`
--

CREATE TABLE `categoria` (
  `id` int(11) NOT NULL,
  `nombre` varchar(100) COLLATE utf8_spanish_ci NOT NULL,
  `orden` int(10) NOT NULL,
  `descripcion` varchar(255) COLLATE utf8_spanish_ci NOT NULL,
  `temas` int(11) NOT NULL
) ENGINE=InnoDB DEFAULT CHARSET=utf8 COLLATE=utf8_spanish_ci;

--
-- Volcado de datos para la tabla `categoria`
--

INSERT INTO `categoria` (`id`, `nombre`, `orden`, `descripcion`, `temas`) VALUES
(1, 'Tratamientos', 1, 'Categoria sobre tratamientos', 31),
(2, 'Avances en Medicina', 5, 'Categoria sobre Avances en el campo de la medicina', 0),
(3, 'Alimentación', 2, 'Categoria sobre comida saludable', 0),
(4, 'Enfermedades', 3, 'Categoria sobre enfermedades ', 0),
(5, 'Off Topic', 4, 'Categoria para hablar sobre lo que quieras', 1);

-- --------------------------------------------------------

--
-- Estructura de tabla para la tabla `comentarios`
--

CREATE TABLE `comentarios` (
  `id` int(11) NOT NULL,
  `autor` varchar(50) COLLATE utf8_spanish_ci NOT NULL,
  `contenido` longtext COLLATE utf8_spanish_ci NOT NULL,
  `tema` int(11) NOT NULL
) ENGINE=InnoDB DEFAULT CHARSET=utf8 COLLATE=utf8_spanish_ci;

--
-- Volcado de datos para la tabla `comentarios`
--

INSERT INTO `comentarios` (`id`, `autor`, `contenido`, `tema`) VALUES
(1, 'lluismat', 'PHA+c2kgbyBrPzwvcD4=', 1),
(2, 'lluismat', 'SG9sYSBnZW50ZQ==', 1),
(3, 'admin', 'PHA+YmFuIHBhcmEgdG9kb3M8L3A+', 1),
(4, 'bot', 'PHA+b2xhJm5ic3A7PC9wPg==', 1);

-- --------------------------------------------------------

--
-- Estructura de tabla para la tabla `hospitals`
--

CREATE TABLE `hospitals` (
  `id` int(20) NOT NULL,
  `name` varchar(45) NOT NULL,
  `specialty` varchar(45) NOT NULL,
  `city` varchar(50) NOT NULL,
  `country` varchar(50) NOT NULL,
  `description` varchar(50) NOT NULL,
  `latitude` varchar(100) NOT NULL,
  `longitude` varchar(100) NOT NULL
) ENGINE=InnoDB DEFAULT CHARSET=utf8;

--
-- Volcado de datos para la tabla `hospitals`
--

INSERT INTO `hospitals` (`id`, `name`, `specialty`, `city`, `country`, `description`, `latitude`, `longitude`) VALUES
(0, 'Hospital Antiguo Hospital Militar de Valencia', '', 'C/ Dolores Ibárruri, 3 (Mislata-46920)', '', 'src/client/images/hospitals/hospital1.jpg', '38.8202367', '-0.4264736'),
(1, 'Hospital Arnau de Vilanova', '', 'C/ San Clemente, 12 (Valencia-46015)', '', '', '39.4904147', '-0.4058221'),
(2, 'Hospital Clínico Universitario', '', 'Av Blasco Ibañez, 17 (Valencia-46010)', '', '', '39.4788801', '-0.3634141'),
(3, 'Hospital Consorcio Hospital Gª Universitario', '', 'Av. Tres Cruces, s/n (Valencia-46014)', '', '', '39.46822', '-0.412154'),
(4, 'Hospital Doctor Moliner', '', 'C/ Portaceli, s/n (Serra-46118)', '', '', '39.6561685', '-0.4763146'),
(5, 'Hospital Doctor Peset', '', 'Av. Gaspar Aguilar, 90 (Valencia-46017)', '', '', '39.4524937', '-0.395889'),
(6, 'Hospital Gandia \"Francesc de Borja\"', '', 'Paseo Germanías, 71 (Gandia-46702)', '', '', '38.9634424', '-0.1717632'),
(7, 'Hospital General d\'Ontinyent', '', ' C/ Francisco Cerdá, 3 (Ontinyent-46870)', '', '', '38.8202605', '-0.6052335'),
(8, 'Hospital La Malvarrosa', '', 'C/ Isabel de Villena, 2 (Valencia-46011)', '', '', '39.4752721', '-0.3275614'),
(9, 'Hospital La Ribera de Alzira', '', 'Ctra. Corbera, km 1 (Alzira-46600)', '', '', '39.1601816', '-0.4189617'),
(10, 'Hospital L\'Horta Manises', '', 'Av. Generalitat Valenciana, 50 (Manises-46940)', '', '', '39.4858953', '-0.4544896'),
(11, 'Hospital Pare Jofré', '', 'C/ San Lázaro, s/n (Valencia-46017)', '', '', '39.4534327', '-0.396124'),
(12, 'Hospital Requena', '', 'Paraje Casablanca, s/n (Requena-46340)', '', '', '39.4879285', '-1.0927107'),
(13, 'Hospital Sagunto', '', 'Av. Ramón y Cajal,s/n (Sagunt/Sagunto-46520)', '', '', '39.6743614', '-0.2334218'),
(14, 'Hospital Universitari i Politècnic La Fe', '', 'Bulevar Sur, s/n (Valencia-46026)', '', '', '39.4433313', '-0.3776066'),
(15, 'Hospital Universitario La Fe', '', 'Av. Campanar, 21 (Valencia-46009)', '', '', '39.4433313', '-0.3776066'),
(16, 'Hospital Xàtiva \"Lluís Alcanyís\"', '', '', '', '', '39.0066209', '-0.5119719');

-- --------------------------------------------------------

--
-- Estructura de tabla para la tabla `mensajes`
--

CREATE TABLE `mensajes` (
  `id` int(11) NOT NULL,
  `asunto` varchar(255) NOT NULL,
  `mensaje` longtext NOT NULL,
  `autor` varchar(255) NOT NULL,
  `destinatario` varchar(255) NOT NULL,
  `leido` tinyint(4) NOT NULL
) ENGINE=InnoDB DEFAULT CHARSET=latin1;

--
-- Volcado de datos para la tabla `mensajes`
--

INSERT INTO `mensajes` (`id`, `asunto`, `mensaje`, `autor`, `destinatario`, `leido`) VALUES
(1, 'Sapien veroeros', 'PHA+PHNwYW4gc3R5bGU9ImNvbG9yOiByZ2IoMTI3LCAxMzYsIDE0Myk7IGZvbnQtc2l6ZTogMTcuMzMzM3B4OyI+QWVuZWFuIG9ybmFyZSB2ZWxpdCBsYWN1cywgYWMgdmFyaXVzIGVuaW0gbG9yZW0gdWxsYW1jb3JwZXIgZG9sb3JlLiBQcm9pbiBhbGlxdWFtIGZhY2lsaXNpcyBhbnRlIGludGVyZHVtLiZuYnNwOzwvc3Bhbj48c3BhbiBzdHlsZT0iY29sb3I6IHJnYigxMjcsIDEzNiwgMTQzKTsgZm9udC1zaXplOiAxNy4zMzMzcHg7Ij5TZWQgbnVsbGEgYW1ldCBsb3JlbSBmZXVnaWF0IHRlbXB1cyBhbGlxdWFtLjwvc3Bhbj48L3A+', 'user35', 'lluismat', 1),
(2, 'Sapien veroeros', 'PHA+PHNwYW4gc3R5bGU9ImNvbG9yOiByZ2IoMTI3LCAxMzYsIDE0Myk7IGZvbnQtc2l6ZTogMTcuMzMzM3B4OyI+QWVuZWFuIG9ybmFyZSB2ZWxpdCBsYWN1cywgYWMgdmFyaXVzIGVuaW0gbG9yZW0gdWxsYW1jb3JwZXIgZG9sb3JlLiBQcm9pbiBhbGlxdWFtIGZhY2lsaXNpcyBhbnRlIGludGVyZHVtLiZuYnNwOzwvc3Bhbj48c3BhbiBzdHlsZT0iY29sb3I6IHJnYigxMjcsIDEzNiwgMTQzKTsgZm9udC1zaXplOiAxNy4zMzMzcHg7Ij5TZWQgbnVsbGEgYW1ldCBsb3JlbSBmZXVnaWF0IHRlbXB1cyBhbGlxdWFtLjwvc3Bhbj48L3A+', 'user35', 'lluismat', 1),
(3, 'Sapien veroeros', 'PHA+PHNwYW4gc3R5bGU9ImNvbG9yOiByZ2IoMTI3LCAxMzYsIDE0Myk7IGZvbnQtc2l6ZTogMTcuMzMzM3B4OyI+QWVuZWFuIG9ybmFyZSB2ZWxpdCBsYWN1cywgYWMgdmFyaXVzIGVuaW0gbG9yZW0gdWxsYW1jb3JwZXIgZG9sb3JlLiBQcm9pbiBhbGlxdWFtIGZhY2lsaXNpcyBhbnRlIGludGVyZHVtLiZuYnNwOzwvc3Bhbj48c3BhbiBzdHlsZT0iY29sb3I6IHJnYigxMjcsIDEzNiwgMTQzKTsgZm9udC1zaXplOiAxNy4zMzMzcHg7Ij5TZWQgbnVsbGEgYW1ldCBsb3JlbSBmZXVnaWF0IHRlbXB1cyBhbGlxdWFtLjwvc3Bhbj48L3A+', 'admin', 'lluismat', 0),
(6, 'Sapien veroeros', 'PHA+PHNwYW4gc3R5bGU9ImNvbG9yOiByZ2IoMTI3LCAxMzYsIDE0Myk7IGZvbnQtc2l6ZTogMTcuMzMzM3B4OyI+QWVuZWFuIG9ybmFyZSB2ZWxpdCBsYWN1cywgYWMgdmFyaXVzIGVuaW0gbG9yZW0gdWxsYW1jb3JwZXIgZG9sb3JlLiBQcm9pbiBhbGlxdWFtIGZhY2lsaXNpcyBhbnRlIGludGVyZHVtLiZuYnNwOzwvc3Bhbj48c3BhbiBzdHlsZT0iY29sb3I6IHJnYigxMjcsIDEzNiwgMTQzKTsgZm9udC1zaXplOiAxNy4zMzMzcHg7Ij5TZWQgbnVsbGEgYW1ldCBsb3JlbSBmZXVnaWF0IHRlbXB1cyBhbGlxdWFtLjwvc3Bhbj48L3A+', 'lluismat', 'admin', 0),
(7, 'Sapien veroeros', 'PHA+PHNwYW4gc3R5bGU9ImNvbG9yOiByZ2IoMTI3LCAxMzYsIDE0Myk7IGZvbnQtc2l6ZTogMTcuMzMzM3B4OyI+QWVuZWFuIG9ybmFyZSB2ZWxpdCBsYWN1cywgYWMgdmFyaXVzIGVuaW0gbG9yZW0gdWxsYW1jb3JwZXIgZG9sb3JlLiBQcm9pbiBhbGlxdWFtIGZhY2lsaXNpcyBhbnRlIGludGVyZHVtLiZuYnNwOzwvc3Bhbj48c3BhbiBzdHlsZT0iY29sb3I6IHJnYigxMjcsIDEzNiwgMTQzKTsgZm9udC1zaXplOiAxNy4zMzMzcHg7Ij5TZWQgbnVsbGEgYW1ldCBsb3JlbSBmZXVnaWF0IHRlbXB1cyBhbGlxdWFtLjwvc3Bhbj48L3A+', 'admin', 'lluismat', 0),
(8, 'Sapien veroeros', 'PHA+PHNwYW4gc3R5bGU9ImNvbG9yOiByZ2IoMTI3LCAxMzYsIDE0Myk7IGZvbnQtc2l6ZTogMTcuMzMzM3B4OyI+QWVuZWFuIG9ybmFyZSB2ZWxpdCBsYWN1cywgYWMgdmFyaXVzIGVuaW0gbG9yZW0gdWxsYW1jb3JwZXIgZG9sb3JlLiBQcm9pbiBhbGlxdWFtIGZhY2lsaXNpcyBhbnRlIGludGVyZHVtLiZuYnNwOzwvc3Bhbj48c3BhbiBzdHlsZT0iY29sb3I6IHJnYigxMjcsIDEzNiwgMTQzKTsgZm9udC1zaXplOiAxNy4zMzMzcHg7Ij5TZWQgbnVsbGEgYW1ldCBsb3JlbSBmZXVnaWF0IHRlbXB1cyBhbGlxdWFtLjwvc3Bhbj48L3A+', 'lluismat', 'user35', 0);

-- --------------------------------------------------------

--
-- Estructura de tabla para la tabla `tema`
--

CREATE TABLE `tema` (
  `id` int(11) NOT NULL,
  `titulo` varchar(100) CHARACTER SET utf8 COLLATE utf8_spanish_ci DEFAULT NULL,
  `contenido` longtext CHARACTER SET utf8 COLLATE utf8_spanish_ci,
  `autor` varchar(100) CHARACTER SET utf8 COLLATE utf8_spanish_ci DEFAULT NULL,
  `votos` int(11) DEFAULT NULL,
  `comentarios` int(11) NOT NULL,
  `categoria` int(11) NOT NULL
) ENGINE=InnoDB DEFAULT CHARSET=latin1;

--
-- Volcado de datos para la tabla `tema`
--

INSERT INTO `tema` (`id`, `titulo`, `contenido`, `autor`, `votos`, `comentarios`, `categoria`) VALUES
(1, 'Proba crear tema', 'PHA+PGltZyBzcmM9Ii4vc3JjL3NlcnZlci91cGxvYWRzL2ltYWdlcy9maWxlLTE0OTQ4MzAwMzE2OTYuanBnIiBzdHlsZT0id2lkdGg6IDI1JTsiPjxicj48L3A+PHA+PGJyPjwvcD4=', 'lluismat', 0, 4, 5),
(2, 'AENEAN TEMPOR DICTUM DIGNISSIM CURABITUR', 'PHA+PHNwYW4gc3R5bGU9ImNvbG9yOiByZ2IoMTIxLCAxMjEsIDEyMSk7IGZvbnQtZmFtaWx5OiBWZXJkYW5hLCBHZW5ldmEsIHNhbnMtc2VyaWY7IGZvbnQtc2l6ZTogMTRweDsiPlZlaGljdWxhIGVyYXQgaW4gcG9ydHRpdG9yIHBoYXJldHJhIHRlbGx1cyBudWxsYSB2dWxwdXRhdGUgcGhhcmV0cmEgYWxpcXVhbSBjdXJhYml0dXIgbm9uIHNhZ2l0dGlzIGxpZ3VsYSB2aXZhbXVzIHNvZGFsZXMgZWZmaWNpdHVyIGFyY3UgaW1wZXJkaWV0IGluJm5ic3A7PC9zcGFuPjxzcGFuIHN0eWxlPSJjb2xvcjogcmdiKDEyMSwgMTIxLCAxMjEpOyBmb250LWZhbWlseTogVmVyZGFuYSwgR2VuZXZhLCBzYW5zLXNlcmlmOyBmb250LXNpemU6IDE0cHg7Ij5lIHBoYXJldHJhIGFsaXF1YW0gY3VyYWJpdHVyIG5vbiBzYWdpdHRpcyZuYnNwOzwvc3Bhbj48c3BhbiBzdHlsZT0iY29sb3I6IHJnYigxMjEsIDEyMSwgMTIxKTsgZm9udC1mYW1pbHk6IFZlcmRhbmEsIEdlbmV2YSwgc2Fucy1zZXJpZjsgZm9udC1zaXplOiAxNHB4OyI+bm9uIHNhZ2l0dGlzIGxpZ3VsYSB2aXZhbXVzIHNvZGFsZXMgZWZmaWNpdHVyIGFyY3UgaW1wZXJkaWV0IGluJm5ic3A7PC9zcGFuPjxzcGFuIHN0eWxlPSJjb2xvcjogcmdiKDEyMSwgMTIxLCAxMjEpOyBmb250LWZhbWlseTogVmVyZGFuYSwgR2VuZXZhLCBzYW5zLXNlcmlmOyBmb250LXNpemU6IDE0cHg7Ij5lIHBoYXJldHJhIGFsaXF1YW0gY3VyYWJpdHVyJm5ic3A7PC9zcGFuPjwvcD48cD48aW1nIHNyYz0iaHR0cDovL3d3dy5lbHZlbmV6b2xhbm8uY29tL3dwLWNvbnRlbnQvdXBsb2Fkcy8yMDE2LzAyL2VuZmVybWVkYWRlcy5qcGciIHN0eWxlPSJ3aWR0aDogOTAwcHg7Ij48c3BhbiBzdHlsZT0iY29sb3I6IHJnYigxMjEsIDEyMSwgMTIxKTsgZm9udC1mYW1pbHk6IFZlcmRhbmEsIEdlbmV2YSwgc2Fucy1zZXJpZjsgZm9udC1zaXplOiAxNHB4OyI+PGJyPjwvc3Bhbj48YnI+PC9wPg==', 'lluismat', 0, 0, 1),
(3, 'Lorem ipsum', 'PG9sPjxsaT48c3BhbiBzdHlsZT0iZm9udC1mYW1pbHk6IExhdG8sIHNhbnMtc2VyaWY7IGZvbnQtc2l6ZTogMTQuM3B4OyB0ZXh0LWFsaWduOiBjZW50ZXI7IGJhY2tncm91bmQtY29sb3I6IHJnYigyNTUsIDI1NSwgMjU1KTsiPkxvcmVtIGlwc3VtIGRvbG9yIHNpdCBhbWV0LCBjb25zZWN0ZXR1ciBhZGlwaXNjaW5nIGVsaXQuIE51bmMgZWdldCBudW5jIHZpdGFlIHRlbGx1cyBsdWN0dXMgdWxsYW1jb3JwZXIuIDwvc3Bhbj48L2xpPjxsaT48c3BhbiBzdHlsZT0iZm9udC1mYW1pbHk6IExhdG8sIHNhbnMtc2VyaWY7IGZvbnQtc2l6ZTogMTQuM3B4OyB0ZXh0LWFsaWduOiBjZW50ZXI7IGJhY2tncm91bmQtY29sb3I6IHJnYigyNTUsIDI1NSwgMjU1KTsiPk5hbSBwb3J0dGl0b3IgdWxsYW1jb3JwZXIgZmVsaXMgYXQgY29udmFsbGlzLiBBZW5lYW4gb3JuYXJlIHZlc3RpYnVsdW0gbmlzaSBmcmluZ2lsbGEgbGFjaW5pYS4gTnVsbGFtIHB1bHZpbmFyIHNvbGxpY2l0dWRpbiB2ZWxpdCBpZCBsYW9yZWV0LiBRdWlzcXVlIG5vbiByaG9uY3VzIHNlbS48L3NwYW4+PC9saT48L29sPjxwPjxzcGFuIHN0eWxlPSJmb250LWZhbWlseTogTGF0bywgc2Fucy1zZXJpZjsgZm9udC1zaXplOiAxNC4zcHg7IHRleHQtYWxpZ246IGNlbnRlcjsgYmFja2dyb3VuZC1jb2xvcjogcmdiKDI1NSwgMjU1LCAyNTUpOyI+PGJyPjwvc3Bhbj48L3A+PHA+PGJyPjwvcD48dGFibGUgY2xhc3M9InRhYmxlIHRhYmxlLWJvcmRlcmVkIj48dGJvZHk+PHRyPjx0ZD48c3BhbiBzdHlsZT0iZm9udC1mYW1pbHk6IExhdG8sIHNhbnMtc2VyaWY7IGZvbnQtc2l6ZTogMTQuM3B4OyB0ZXh0LWFsaWduOiBjZW50ZXI7Ij5zb2xsaWNpdHVkaW4gdmVsaXQgaWQgbGFvcmVldC4gUXVpc3F1ZSBub24gcmhvbmN1cyBzZW08L3NwYW4+PC90ZD48dGQ+c29sbGljaXR1ZGluIHZlbGl0IGlkIGxhb3JlZXQuIFF1aXNxdWUgbm9uIHJob25jdXMgc2VtLjwvdGQ+PC90cj48L3Rib2R5PjwvdGFibGU+PHA+PGJyPjwvcD48cD48c3BhbiBzdHlsZT0iZm9udC1mYW1pbHk6IExhdG8sIHNhbnMtc2VyaWY7IGZvbnQtc2l6ZTogMTQuM3B4OyB0ZXh0LWFsaWduOiBjZW50ZXI7IGJhY2tncm91bmQtY29sb3I6IHJnYigyNTUsIDI1NSwgMjU1KTsiPjxicj48L3NwYW4+PC9wPg==', 'lluismat', 0, 0, 1),
(4, 'Lorem ipsum dolor sit amet, consectetur adipiscing elit. Aliquam viverra orci ut.', 'PHAgc3R5bGU9InBhZGRpbmc6IDBweDsgbWFyZ2luLWJvdHRvbTogMjBweDsgY29sb3I6IHJnYigxMDIsIDEwMiwgMTAyKTsgZm9udC1mYW1pbHk6ICZxdW90O0VrIE11a3RhJnF1b3Q7LCBzYW5zLXNlcmlmOyBmb250LXNpemU6IDE2cHg7IHRleHQtYWxpZ246IGNlbnRlcjsiPkxvcmVtIGlwc3VtIGRvbG9yIHNpdCBhbWV0LCB2aXMgdGFsZSBtYWxpcyB0YWNpbWF0ZXMgZXQsIGdyYWVjZSBkb2N0dXMgb21uZXNxdWUgbmUgZXN0LCBkZXNlcnVudCBwZXJ0aW5hY2lhIG5lIG5hbS4gUHJvIGV1IHNpbXVsIGFmZmVydCByZWZlcnJlbnR1ciwgbmF0dW0gbXV0YXQgZXJyb3JpYnVzIHRlIGhpczwvcD48cCBzdHlsZT0icGFkZGluZzogMHB4OyBtYXJnaW4tYm90dG9tOiAyMHB4OyBjb2xvcjogcmdiKDEwMiwgMTAyLCAxMDIpOyBmb250LWZhbWlseTogJnF1b3Q7RWsgTXVrdGEmcXVvdDssIHNhbnMtc2VyaWY7IGZvbnQtc2l6ZTogMTZweDsgdGV4dC1hbGlnbjogY2VudGVyOyI+TmUgbXVuZGkgZmFidWxhcyBjb3JydW1waXQgdmltLCBudWxsYSB2aXZlbmR1bSBjb25jZXB0YW0gZXUgbmFtLiBJdXMgZXggcHJpbmNpcGVzIGNvbXBsZWN0aXR1ciwgZXggcXVvIGR1aXMgc3VzY2lwaXQuIEl1cyBmYXN0aWRpaSByZXByaW1pcXVlIG5vLiBTYWRpcHNjaW5nIGFwcGVsbGFudHVyIHByaSBhZC4gT3JhdGlvIG1vZGVyYXRpdXMgZGVmaW5pdGlvbmVzIGN1bSBleCwgbWVhIG5lIGJydXRlIHZpdmVuZHVtIHBlcmNpcGl0dTwvcD48cCBzdHlsZT0icGFkZGluZzogMHB4OyBtYXJnaW4tYm90dG9tOiAyMHB4OyBjb2xvcjogcmdiKDEwMiwgMTAyLCAxMDIpOyBmb250LWZhbWlseTogJnF1b3Q7RWsgTXVrdGEmcXVvdDssIHNhbnMtc2VyaWY7IGZvbnQtc2l6ZTogMTZweDsgdGV4dC1hbGlnbjogY2VudGVyOyI+PGltZyBzcmM9Ii4vc3JjL3NlcnZlci91cGxvYWRzL2ltYWdlcy9maWxlLTE0OTUwMDQxNTMxNTEuanBnIiBzdHlsZT0id2lkdGg6IDE4NDZweDsiPiAmbmJzcDs8c3BhbiBzdHlsZT0iZm9udC1zaXplOiAxNy41cHg7Ij4mbmJzcDsmbmJzcDs8L3NwYW4+PHNwYW4gc3R5bGU9ImZvbnQtc2l6ZTogMTcuNXB4OyI+Jm5ic3A7Jm5ic3A7Jm5ic3A7Jm5ic3A7PC9zcGFuPjxzcGFuIHN0eWxlPSJmb250LXNpemU6IDE3LjVweDsiPiZuYnNwOyZuYnNwOzwvc3Bhbj48c3BhbiBzdHlsZT0iZm9udC1zaXplOiAxNy41cHg7Ij4mbmJzcDsgJm5ic3A7Jm5ic3A7PC9zcGFuPjxzcGFuIHN0eWxlPSJmb250LXNpemU6IDE3LjVweDsiPiZuYnNwOyZuYnNwOyZuYnNwOyZuYnNwOzwvc3Bhbj48c3BhbiBzdHlsZT0iZm9udC1zaXplOiAxNy41cHg7Ij4mbmJzcDsmbmJzcDsmbmJzcDsmbmJzcDs8L3NwYW4+PHNwYW4gc3R5bGU9ImZvbnQtc2l6ZTogMTcuNXB4OyI+Jm5ic3A7Jm5ic3A7Jm5ic3A7Jm5ic3A7PC9zcGFuPjxzcGFuIHN0eWxlPSJmb250LXNpemU6IDE3LjVweDsiPiZuYnNwOyZuYnNwOyZuYnNwOyZuYnNwOzwvc3Bhbj48c3BhbiBzdHlsZT0iZm9udC1zaXplOiAxNy41cHg7Ij4mbmJzcDsmbmJzcDsmbmJzcDsmbmJzcDs8L3NwYW4+PHNwYW4gc3R5bGU9ImZvbnQtc2l6ZTogMTcuNXB4OyI+Jm5ic3A7Jm5ic3A7Jm5ic3A7Jm5ic3A7PC9zcGFuPjxzcGFuIHN0eWxlPSJmb250LXNpemU6IDE3LjVweDsiPiZuYnNwOyZuYnNwOyZuYnNwOyZuYnNwOzwvc3Bhbj48c3BhbiBzdHlsZT0iZm9udC1zaXplOiAxNy41cHg7Ij4mbmJzcDsmbmJzcDsmbmJzcDsmbmJzcDs8L3NwYW4+PHNwYW4gc3R5bGU9ImZvbnQtc2l6ZTogMTcuNXB4OyI+Jm5ic3A7Jm5ic3A7Jm5ic3A7Jm5ic3A7PC9zcGFuPjxzcGFuIHN0eWxlPSJmb250LXNpemU6IDE3LjVweDsiPiZuYnNwOyZuYnNwOyZuYnNwOyZuYnNwOzwvc3Bhbj48c3BhbiBzdHlsZT0iZm9udC1zaXplOiAxNy41cHg7Ij4mbmJzcDsmbmJzcDsmbmJzcDsmbmJzcDs8L3NwYW4+PHNwYW4gc3R5bGU9ImZvbnQtc2l6ZTogMTcuNXB4OyI+Jm5ic3A7Jm5ic3A7Jm5ic3A7Jm5ic3A7PC9zcGFuPjxzcGFuIHN0eWxlPSJmb250LXNpemU6IDE3LjVweDsiPiZuYnNwOyZuYnNwOyZuYnNwOyZuYnNwOzwvc3Bhbj48c3BhbiBzdHlsZT0iZm9udC1zaXplOiAxNy41cHg7Ij4mbmJzcDsmbmJzcDsmbmJzcDsmbmJzcDs8L3NwYW4+PHNwYW4gc3R5bGU9ImZvbnQtc2l6ZTogMTcuNXB4OyI+Jm5ic3A7Jm5ic3A7Jm5ic3A7Jm5ic3A7PC9zcGFuPjxzcGFuIHN0eWxlPSJmb250LXNpemU6IDE3LjVweDsiPiZuYnNwOyZuYnNwOyZuYnNwOyZuYnNwOzwvc3Bhbj48c3BhbiBzdHlsZT0iZm9udC1zaXplOiAxNy41cHg7Ij4mbmJzcDsmbmJzcDsmbmJzcDsmbmJzcDs8L3NwYW4+PHNwYW4gc3R5bGU9ImZvbnQtc2l6ZTogMTcuNXB4OyI+Jm5ic3A7Jm5ic3A7Jm5ic3A7Jm5ic3A7PC9zcGFuPjxzcGFuIHN0eWxlPSJmb250LXNpemU6IDE3LjVweDsiPiZuYnNwOyZuYnNwOyZuYnNwOyZuYnNwOzwvc3Bhbj48c3BhbiBzdHlsZT0iZm9udC1zaXplOiAxNy41cHg7Ij4mbmJzcDsmbmJzcDsmbmJzcDsmbmJzcDs8L3NwYW4+PHNwYW4gc3R5bGU9ImZvbnQtc2l6ZTogMTcuNXB4OyI+Jm5ic3A7Jm5ic3A7Jm5ic3A7Jm5ic3A7PC9zcGFuPjxzcGFuIHN0eWxlPSJmb250LXNpemU6IDE3LjVweDsiPiZuYnNwOyZuYnNwOyZuYnNwOyZuYnNwOzwvc3Bhbj48c3BhbiBzdHlsZT0iZm9udC1zaXplOiAxNy41cHg7Ij4mbmJzcDsmbmJzcDsmbmJzcDsmbmJzcDs8L3NwYW4+PHNwYW4gc3R5bGU9ImZvbnQtc2l6ZTogMTcuNXB4OyI+Jm5ic3A7Jm5ic3A7Jm5ic3A7Jm5ic3A7PC9zcGFuPjxzcGFuIHN0eWxlPSJmb250LXNpemU6IDE3LjVweDsiPiZuYnNwOyZuYnNwOyZuYnNwOyZuYnNwOzwvc3Bhbj48c3BhbiBzdHlsZT0iZm9udC1zaXplOiAxNy41cHg7Ij4mbmJzcDsmbmJzcDsmbmJzcDsmbmJzcDs8L3NwYW4+PHNwYW4gc3R5bGU9ImZvbnQtc2l6ZTogMTcuNXB4OyI+Jm5ic3A7Jm5ic3A7Jm5ic3A7Jm5ic3A7PC9zcGFuPjxzcGFuIHN0eWxlPSJmb250LXNpemU6IDE3LjVweDsiPiZuYnNwOyZuYnNwOyZuYnNwOyZuYnNwOzwvc3Bhbj48c3BhbiBzdHlsZT0iZm9udC1zaXplOiAxNy41cHg7Ij4mbmJzcDsmbmJzcDsmbmJzcDsmbmJzcDs8L3NwYW4+PHNwYW4gc3R5bGU9ImZvbnQtc2l6ZTogMTcuNXB4OyI+Jm5ic3A7Jm5ic3A7Jm5ic3A7Jm5ic3A7PC9zcGFuPjxzcGFuIHN0eWxlPSJmb250LXNpemU6IDE3LjVweDsiPiZuYnNwOyZuYnNwOyZuYnNwOyZuYnNwOzwvc3Bhbj48c3BhbiBzdHlsZT0iZm9udC1zaXplOiAxNy41cHg7Ij4mbmJzcDsmbmJzcDsmbmJzcDsmbmJzcDs8L3NwYW4+PHNwYW4gc3R5bGU9ImZvbnQtc2l6ZTogMTcuNXB4OyI+Jm5ic3A7Jm5ic3A7Jm5ic3A7Jm5ic3A7PC9zcGFuPjxzcGFuIHN0eWxlPSJmb250LXNpemU6IDE3LjVweDsiPiZuYnNwOyZuYnNwOyZuYnNwOyZuYnNwOzwvc3Bhbj48c3BhbiBzdHlsZT0iZm9udC1zaXplOiAxNy41cHg7Ij4mbmJzcDsmbmJzcDsmbmJzcDsmbmJzcDs8L3NwYW4+PHNwYW4gc3R5bGU9ImZvbnQtc2l6ZTogMTcuNXB4OyI+Jm5ic3A7Jm5ic3A7Jm5ic3A7Jm5ic3A7PC9zcGFuPjxzcGFuIHN0eWxlPSJmb250LXNpemU6IDE3LjVweDsiPiZuYnNwOyZuYnNwOyZuYnNwOyZuYnNwOzwvc3Bhbj48c3BhbiBzdHlsZT0iZm9udC1zaXplOiAxNy41cHg7Ij4mbmJzcDsmbmJzcDsmbmJzcDsmbmJzcDs8L3NwYW4+PHNwYW4gc3R5bGU9ImZvbnQtc2l6ZTogMTcuNXB4OyI+Jm5ic3A7Jm5ic3A7Jm5ic3A7Jm5ic3A7PC9zcGFuPjxzcGFuIHN0eWxlPSJmb250LXNpemU6IDE3LjVweDsiPiZuYnNwOyZuYnNwOyZuYnNwOyZuYnNwOzwvc3Bhbj48c3BhbiBzdHlsZT0iZm9udC1zaXplOiAxNy41cHg7Ij4mbmJzcDsmbmJzcDsmbmJzcDsmbmJzcDs8L3NwYW4+PHNwYW4gc3R5bGU9ImZvbnQtc2l6ZTogMTcuNXB4OyI+Jm5ic3A7Jm5ic3A7Jm5ic3A7Jm5ic3A7PC9zcGFuPjxzcGFuIHN0eWxlPSJmb250LXNpemU6IDE3LjVweDsiPiZuYnNwOyZuYnNwOyZuYnNwOyZuYnNwOzwvc3Bhbj48c3BhbiBzdHlsZT0iZm9udC1zaXplOiAxNy41cHg7Ij4mbmJzcDsmbmJzcDsmbmJzcDsmbmJzcDs8L3NwYW4+PHNwYW4gc3R5bGU9ImZvbnQtc2l6ZTogMTcuNXB4OyI+Jm5ic3A7Jm5ic3A7Jm5ic3A7Jm5ic3A7PC9zcGFuPjxzcGFuIHN0eWxlPSJmb250LXNpemU6IDE3LjVweDsiPiZuYnNwOyZuYnNwOyZuYnNwOyZuYnNwOzwvc3Bhbj48c3BhbiBzdHlsZT0iZm9udC1zaXplOiAxNy41cHg7Ij4mbmJzcDsmbmJzcDsmbmJzcDsmbmJzcDs8L3NwYW4+PHNwYW4gc3R5bGU9ImZvbnQtc2l6ZTogMTcuNXB4OyI+Jm5ic3A7Jm5ic3A7Jm5ic3A7Jm5ic3A7PC9zcGFuPjxzcGFuIHN0eWxlPSJmb250LXNpemU6IDE3LjVweDsiPiZuYnNwOyZuYnNwOyZuYnNwOyZuYnNwOzwvc3Bhbj48c3BhbiBzdHlsZT0iZm9udC1zaXplOiAxNy41cHg7Ij4mbmJzcDsmbmJzcDsmbmJzcDsmbmJzcDs8L3NwYW4+PHNwYW4gc3R5bGU9ImZvbnQtc2l6ZTogMTcuNXB4OyI+Jm5ic3A7Jm5ic3A7Jm5ic3A7Jm5ic3A7PC9zcGFuPjxzcGFuIHN0eWxlPSJmb250LXNpemU6IDE3LjVweDsiPiZuYnNwOyZuYnNwOyZuYnNwOyZuYnNwOzwvc3Bhbj48c3BhbiBzdHlsZT0iZm9udC1zaXplOiAxNy41cHg7Ij4mbmJzcDsmbmJzcDsmbmJzcDsmbmJzcDs8L3NwYW4+PHNwYW4gc3R5bGU9ImZvbnQtc2l6ZTogMTcuNXB4OyI+Jm5ic3A7Jm5ic3A7Jm5ic3A7Jm5ic3A7PC9zcGFuPjxzcGFuIHN0eWxlPSJmb250LXNpemU6IDE3LjVweDsiPiZuYnNwOyZuYnNwOyZuYnNwOyZuYnNwOzwvc3Bhbj48c3BhbiBzdHlsZT0iZm9udC1zaXplOiAxNy41cHg7Ij4mbmJzcDsmbmJzcDsmbmJzcDsmbmJzcDs8L3NwYW4+PHNwYW4gc3R5bGU9ImZvbnQtc2l6ZTogMTcuNXB4OyI+Jm5ic3A7Jm5ic3A7Jm5ic3A7Jm5ic3A7PC9zcGFuPjxzcGFuIHN0eWxlPSJmb250LXNpemU6IDE3LjVweDsiPiZuYnNwOyZuYnNwOyZuYnNwOyZuYnNwOzwvc3Bhbj48c3BhbiBzdHlsZT0iZm9udC1zaXplOiAxNy41cHg7Ij4mbmJzcDsmbmJzcDsmbmJzcDsmbmJzcDs8L3NwYW4+PHNwYW4gc3R5bGU9ImZvbnQtc2l6ZTogMTcuNXB4OyI+Jm5ic3A7Jm5ic3A7Jm5ic3A7Jm5ic3A7PC9zcGFuPjxzcGFuIHN0eWxlPSJmb250LXNpemU6IDE3LjVweDsiPiZuYnNwOyZuYnNwOyZuYnNwOyZuYnNwOzwvc3Bhbj48c3BhbiBzdHlsZT0iZm9udC1zaXplOiAxNy41cHg7Ij4mbmJzcDsmbmJzcDsmbmJzcDsmbmJzcDs8L3NwYW4+PHNwYW4gc3R5bGU9ImZvbnQtc2l6ZTogMTcuNXB4OyI+Jm5ic3A7Jm5ic3A7Jm5ic3A7Jm5ic3A7PC9zcGFuPjxzcGFuIHN0eWxlPSJmb250LXNpemU6IDE3LjVweDsiPiZuYnNwOyZuYnNwOyZuYnNwOyZuYnNwOzwvc3Bhbj48c3BhbiBzdHlsZT0iZm9udC1zaXplOiAxNy41cHg7Ij4mbmJzcDsmbmJzcDsmbmJzcDsmbmJzcDs8L3NwYW4+PHNwYW4gc3R5bGU9ImZvbnQtc2l6ZTogMTcuNXB4OyI+Jm5ic3A7Jm5ic3A7Jm5ic3A7Jm5ic3A7PC9zcGFuPjxzcGFuIHN0eWxlPSJmb250LXNpemU6IDE3LjVweDsiPiZuYnNwOyZuYnNwOyZuYnNwOyZuYnNwOzwvc3Bhbj48c3BhbiBzdHlsZT0iZm9udC1zaXplOiAxNy41cHg7Ij4mbmJzcDsmbmJzcDsmbmJzcDsmbmJzcDs8L3NwYW4+PHNwYW4gc3R5bGU9ImZvbnQtc2l6ZTogMTcuNXB4OyI+Jm5ic3A7Jm5ic3A7Jm5ic3A7Jm5ic3A7PC9zcGFuPjxzcGFuIHN0eWxlPSJmb250LXNpemU6IDE3LjVweDsiPiZuYnNwOyZuYnNwOyZuYnNwOyZuYnNwOzwvc3Bhbj48c3BhbiBzdHlsZT0iZm9udC1zaXplOiAxNy41cHg7Ij4mbmJzcDsmbmJzcDsmbmJzcDsmbmJzcDs8L3NwYW4+PHNwYW4gc3R5bGU9ImZvbnQtc2l6ZTogMTcuNXB4OyI+Jm5ic3A7Jm5ic3A7Jm5ic3A7Jm5ic3A7PC9zcGFuPjxzcGFuIHN0eWxlPSJmb250LXNpemU6IDE3LjVweDsiPiZuYnNwOyZuYnNwOyZuYnNwOyZuYnNwOzwvc3Bhbj48c3BhbiBzdHlsZT0iZm9udC1zaXplOiAxNy41cHg7Ij4mbmJzcDsmbmJzcDsmbmJzcDsmbmJzcDs8L3NwYW4+PHNwYW4gc3R5bGU9ImZvbnQtc2l6ZTogMTcuNXB4OyI+Jm5ic3A7Jm5ic3A7Jm5ic3A7Jm5ic3A7PC9zcGFuPjxzcGFuIHN0eWxlPSJmb250LXNpemU6IDE3LjVweDsiPiZuYnNwOyZuYnNwOyZuYnNwOyZuYnNwOzwvc3Bhbj48c3BhbiBzdHlsZT0iZm9udC1zaXplOiAxNy41cHg7Ij4mbmJzcDsmbmJzcDsmbmJzcDsmbmJzcDs8L3NwYW4+PHNwYW4gc3R5bGU9ImZvbnQtc2l6ZTogMTcuNXB4OyI+Jm5ic3A7Jm5ic3A7Jm5ic3A7Jm5ic3A7PC9zcGFuPjxzcGFuIHN0eWxlPSJmb250LXNpemU6IDE3LjVweDsiPiZuYnNwOyZuYnNwOyZuYnNwOyZuYnNwOzwvc3Bhbj48c3BhbiBzdHlsZT0iZm9udC1zaXplOiAxNy41cHg7Ij4mbmJzcDsmbmJzcDsmbmJzcDsmbmJzcDs8L3NwYW4+PHNwYW4gc3R5bGU9ImZvbnQtc2l6ZTogMTcuNXB4OyI+Jm5ic3A7Jm5ic3A7Jm5ic3A7Jm5ic3A7PC9zcGFuPjxzcGFuIHN0eWxlPSJmb250LXNpemU6IDE3LjVweDsiPiZuYnNwOyZuYnNwOyZuYnNwOyZuYnNwOzwvc3Bhbj48c3BhbiBzdHlsZT0iZm9udC1zaXplOiAxNy41cHg7Ij4mbmJzcDsgJm5ic3A7Jm5ic3A7PC9zcGFuPjwvcD4=', 'lluismat', 0, 0, 1),
(5, 'consectetur adipiscing elit', 'PHA+PHNwYW4gc3R5bGU9ImZvbnQtZmFtaWx5OiAmcXVvdDtTb3VyY2UgU2FucyBQcm8mcXVvdDssIEhlbHZldGljYSwgc2Fucy1zZXJpZjsgZm9udC1zaXplOiAyNHB4OyB0ZXh0LWFsaWduOiBjZW50ZXI7Ij5Mb3JlbSBpcHN1bSBkb2xvciBzaXQgYW1ldCwgY29uc2VjdGV0dXIgYWRpcGlzY2luZyBlbGl0LiBNb3JiaSBkdWkgdHVycGlzLCBjdXJzdXMgZWdldCBvcmNpIGFtZXQgYWxpcXVhbSBjb25ndWUgc2VtcGVyLiBFdGlhbSBlZ2V0IHVsdHJpY2VzIDxzdHJpa2U+cmlzdXMgbmVjIHRlbXBvciBlbGl0PC9zdHJpa2U+Ljwvc3Bhbj48YnI+PC9wPg==', 'admin', 0, 0, 1),
(6, 'Quam lorem ipsum', 'PHA+PHNwYW4gc3R5bGU9ImNvbG9yOiByZ2IoMTI3LCAxMzYsIDE0Myk7IGZvbnQtc2l6ZTogMTcuMzMzM3B4OyI+QWVuZWFuIG9ybmFyZSB2ZWxpdCBsYWN1cywgYWMgdmFyaXVzIGVuaW0gbG9yZW0gdWxsYW1jb3JwZXIgZG9sb3JlLiBQcm9pbiBhbGlxdWFtIGZhY2lsaXNpcyBhbnRlIGludGVyZHVtLiBTZWQgbnVsbGEgYW1ldCBsb3JlbSBmZXVnaWF0IHRlbXB1cyBhbGlxdWFtLjwvc3Bhbj48YnI+PC9wPg==', 'lluismat', 0, 0, 1),
(7, 'Portitor ullamcorper', 'PHA+PHNwYW4gc3R5bGU9ImNvbG9yOiByZ2IoMTI3LCAxMzYsIDE0Myk7IGZvbnQtc2l6ZTogMTcuMzMzM3B4OyI+QWVuZWFuIG9ybmFyZSB2ZWxpdCBsYWN1cywgYWMgdmFyaXVzIGVuaW0gbG9yZW0gdWxsYW1jb3JwZXIgZG9sb3JlLiBQcm9pbiBhbGlxdWFtIGZhY2lsaXNpcyBhbnRlIGludGVyZHVtLiBTZWQgbnVsbGEgYW1ldCBsb3JlbSBmZXVnaWF0IHRlbXB1cyBhbGlxdWFtLjwvc3Bhbj48YnI+PC9wPg==', 'lluismat', 0, 0, 1),
(8, 'Sapien veroeros', 'PHA+PHNwYW4gc3R5bGU9ImNvbG9yOiByZ2IoMTI3LCAxMzYsIDE0Myk7IGZvbnQtc2l6ZTogMTcuMzMzM3B4OyI+QWVuZWFuIG9ybmFyZSB2ZWxpdCBsYWN1cywgYWMgdmFyaXVzIGVuaW0gbG9yZW0gdWxsYW1jb3JwZXIgZG9sb3JlLiBQcm9pbiBhbGlxdWFtIGZhY2lsaXNpcyBhbnRlIGludGVyZHVtLiBTZWQgbnVsbGEgYW1ldCBsb3JlbSBmZXVnaWF0IHRlbXB1cyBhbGlxdWFtLjwvc3Bhbj48L3A+PHA+PHNwYW4gc3R5bGU9ImNvbG9yOiByZ2IoMTI3LCAxMzYsIDE0Myk7IGZvbnQtc2l6ZTogMTcuMzMzM3B4OyI+PGJyPjwvc3Bhbj48L3A+PHVsPjxsaT48c3BhbiBzdHlsZT0iY29sb3I6IHJnYigxMjcsIDEzNiwgMTQzKTsgZm9udC1zaXplOiAxNy4zMzMzcHg7Ij5BZW5lYW4gb3JuYXJlIHZlbGl0IGxhY3VzLCBhYyB2YXJpdXMgZW5pbSBsb3JlbSB1bGxhbWNvcnBlciBkb2xvcmUuIFByb2luIGFsaXF1YW0gZmFjaWxpc2lzIGFudGUgaW50ZXJkdW0uIFNlZCBudWxsYSBhbWV0IGxvcmVtIGZldWdpYXQgdGVtcHVzIGFsaXF1YW0uPC9zcGFuPjwvbGk+PGxpPjxzcGFuIHN0eWxlPSJjb2xvcjogcmdiKDEyNywgMTM2LCAxNDMpOyBmb250LXNpemU6IDE3LjMzMzNweDsiPkFlbmVhbiBvcm5hcmUgdmVsaXQgbGFjdXMsIGFjIHZhcml1cyBlbmltIGxvcmVtIHVsbGFtY29ycGVyIGRvbG9yZS4gUHJvaW4gYWxpcXVhbSBmYWNpbGlzaXMgYW50ZSBpbnRlcmR1bS4gU2VkIG51bGxhIGFtZXQgbG9yZW0gZmV1Z2lhdCB0ZW1wdXMgYWxpcXVhbS48L3NwYW4+PHNwYW4gc3R5bGU9ImNvbG9yOiByZ2IoMTI3LCAxMzYsIDE0Myk7IGZvbnQtc2l6ZTogMTcuMzMzM3B4OyI+PGJyPjwvc3Bhbj48c3BhbiBzdHlsZT0iY29sb3I6IHJnYigxMjcsIDEzNiwgMTQzKTsgZm9udC1zaXplOiAxNy4zMzMzcHg7Ij48YnI+PC9zcGFuPjxicj48L2xpPjwvdWw+', 'admin', 0, 0, 1),
(9, 'Sed magna finibus', 'PGgyIGNsYXNzPSJtYWpvciIgc3R5bGU9Im1hcmdpbjogMHB4IDBweCAycmVtOyBwYWRkaW5nOiAwcHggMHB4IDAuNXJlbTsgYm9yZGVyLXdpZHRoOiAwcHggMHB4IDFweDsgYm9yZGVyLXRvcC1zdHlsZTogaW5pdGlhbDsgYm9yZGVyLXJpZ2h0LXN0eWxlOiBpbml0aWFsOyBib3JkZXItYm90dG9tLXN0eWxlOiBzb2xpZDsgYm9yZGVyLWxlZnQtc3R5bGU6IGluaXRpYWw7IGJvcmRlci10b3AtY29sb3I6IGluaXRpYWw7IGJvcmRlci1yaWdodC1jb2xvcjogaW5pdGlhbDsgYm9yZGVyLWJvdHRvbS1jb2xvcjogcmdiKDI1NSwgMjU1LCAyNTUpOyBib3JkZXItbGVmdC1jb2xvcjogaW5pdGlhbDsgYm9yZGVyLWltYWdlOiBpbml0aWFsOyBmb250LXZhcmlhbnQtbnVtZXJpYzogaW5oZXJpdDsgZm9udC13ZWlnaHQ6IDYwMDsgZm9udC1zdHJldGNoOiBpbmhlcml0OyBmb250LXNpemU6IDEuNXJlbTsgbGluZS1oZWlnaHQ6IDEuNDsgZm9udC1mYW1pbHk6ICZxdW90O1NvdXJjZSBTYW5zIFBybyZxdW90Oywgc2Fucy1zZXJpZjsgdmVydGljYWwtYWxpZ246IGJhc2VsaW5lOyB0ZXh0LXRyYW5zZm9ybTogdXBwZXJjYXNlOyBsZXR0ZXItc3BhY2luZzogMC41cmVtOyB3aWR0aDogbWF4LWNvbnRlbnQ7Ij48c3BhbiBzdHlsZT0iYmFja2dyb3VuZC1jb2xvcjogcmdiKDI1NSwgMjU1LCAyNTUpOyI+SU5UUk88L3NwYW4+PC9oMj48cD48c3BhbiBjbGFzcz0iaW1hZ2UgbWFpbiIgc3R5bGU9Im1hcmdpbjogMi41cmVtIDBweDsgcGFkZGluZzogMHB4OyBib3JkZXI6IDBweDsgZm9udC12YXJpYW50LW51bWVyaWM6IGluaGVyaXQ7IGZvbnQtc3RyZXRjaDogaW5oZXJpdDsgZm9udC1zaXplOiAyMS4zMzMzcHg7IGxpbmUtaGVpZ2h0OiBpbmhlcml0OyBmb250LWZhbWlseTogJnF1b3Q7U291cmNlIFNhbnMgUHJvJnF1b3Q7LCBzYW5zLXNlcmlmOyB2ZXJ0aWNhbC1hbGlnbjogYmFzZWxpbmU7IGJvcmRlci1yYWRpdXM6IDRweDsgZGlzcGxheTogYmxvY2s7IHBvc2l0aW9uOiByZWxhdGl2ZTsgd2lkdGg6IDc0Ni42NzJweDsiPjxpbWcgc3JjPSJodHRwczovL2h0bWw1dXAubmV0L3VwbG9hZHMvZGVtb3MvZGltZW5zaW9uL2ltYWdlcy9waWMwMS5qcGciIGFsdD0iIiBzdHlsZT0ibWFyZ2luOiAwcHg7IHBhZGRpbmc6IDBweDsgZm9udC1zdHlsZTogaW5oZXJpdDsgZm9udC12YXJpYW50OiBpbmhlcml0OyBmb250LXdlaWdodDogaW5oZXJpdDsgZm9udC1zdHJldGNoOiBpbmhlcml0OyBmb250LXNpemU6IGluaGVyaXQ7IGxpbmUtaGVpZ2h0OiBpbmhlcml0OyBmb250LWZhbWlseTogaW5oZXJpdDsgdmVydGljYWwtYWxpZ246IGJhc2VsaW5lOyBib3JkZXItcmFkaXVzOiA0cHg7IGRpc3BsYXk6IGJsb2NrOyB3aWR0aDogNzQ2LjY3MnB4OyI+PC9zcGFuPjwvcD48cCBzdHlsZT0ibWFyZ2luLWJvdHRvbTogMnJlbTsgcGFkZGluZzogMHB4OyBib3JkZXI6IDBweDsgZm9udC12YXJpYW50LW51bWVyaWM6IGluaGVyaXQ7IGZvbnQtc3RyZXRjaDogaW5oZXJpdDsgZm9udC1zaXplOiAyMS4zMzMzcHg7IGxpbmUtaGVpZ2h0OiBpbmhlcml0OyBmb250LWZhbWlseTogJnF1b3Q7U291cmNlIFNhbnMgUHJvJnF1b3Q7LCBzYW5zLXNlcmlmOyB2ZXJ0aWNhbC1hbGlnbjogYmFzZWxpbmU7Ij48c3BhbiBzdHlsZT0iYmFja2dyb3VuZC1jb2xvcjogcmdiKDI1NSwgMjU1LCAyNTUpOyI+QWVuZWFuIG9ybmFyZSB2ZWxpdCBsYWN1cywgYWMgdmFyaXVzIGVuaW0gdWxsYW1jb3JwZXIgZXUuIFByb2luIGFsaXF1YW0gZmFjaWxpc2lzIGFudGUgaW50ZXJkdW0gY29uZ3VlLiBJbnRlZ2VyIG1vbGxpcywgbmlzbCBhbWV0IGNvbnZhbGxpcywgcG9ydHRpdG9yIG1hZ25hIHVsbGFtY29ycGVyLCBhbWV0IGVnZXN0YXMgbWF1cmlzLiBVdCBtYWduYSBmaW5pYnVzIG5pc2kgbmVjIGxhY2luaWEuIE5hbSBtYXhpbXVzIGVyYXQgaWQgZXVpc21vZCBlZ2VzdGFzLiBCeSB0aGUgd2F5LCBjaGVjayBvdXQgbXkmbmJzcDs8YSBocmVmPSJodHRwczovL2h0bWw1dXAubmV0L3VwbG9hZHMvZGVtb3MvZGltZW5zaW9uLyN3b3JrIiBzdHlsZT0ibWFyZ2luOiAwcHg7IHBhZGRpbmc6IDBweDsgYm9yZGVyLXdpZHRoOiAwcHggMHB4IDFweDsgYm9yZGVyLXRvcC1zdHlsZTogaW5pdGlhbDsgYm9yZGVyLXJpZ2h0LXN0eWxlOiBpbml0aWFsOyBib3JkZXItYm90dG9tLXN0eWxlOiBkb3R0ZWQ7IGJvcmRlci1sZWZ0LXN0eWxlOiBpbml0aWFsOyBib3JkZXItdG9wLWNvbG9yOiBpbml0aWFsOyBib3JkZXItcmlnaHQtY29sb3I6IGluaXRpYWw7IGJvcmRlci1ib3R0b20tY29sb3I6IHJnYmEoMjU1LCAyNTUsIDI1NSwgMC41KTsgYm9yZGVyLWxlZnQtY29sb3I6IGluaXRpYWw7IGJvcmRlci1pbWFnZTogaW5pdGlhbDsgZm9udC1zdHlsZTogaW5oZXJpdDsgZm9udC12YXJpYW50OiBpbmhlcml0OyBmb250LXdlaWdodDogaW5oZXJpdDsgZm9udC1zdHJldGNoOiBpbmhlcml0OyBmb250LXNpemU6IGluaGVyaXQ7IGxpbmUtaGVpZ2h0OiBpbmhlcml0OyBmb250LWZhbWlseTogaW5oZXJpdDsgdmVydGljYWwtYWxpZ246IGJhc2VsaW5lOyB0cmFuc2l0aW9uOiBjb2xvciAwLjJzIGVhc2UtaW4tb3V0LCBiYWNrZ3JvdW5kLWNvbG9yIDAuMnMgZWFzZS1pbi1vdXQsIGJvcmRlci1ib3R0b20tY29sb3IgMC4ycyBlYXNlLWluLW91dDsiPmF3ZXNvbWUgd29yazwvYT4uPC9zcGFuPjwvcD48cCBzdHlsZT0ibWFyZ2luLWJvdHRvbTogMnJlbTsgcGFkZGluZzogMHB4OyBib3JkZXI6IDBweDsgZm9udC12YXJpYW50LW51bWVyaWM6IGluaGVyaXQ7IGZvbnQtc3RyZXRjaDogaW5oZXJpdDsgZm9udC1zaXplOiAyMS4zMzMzcHg7IGxpbmUtaGVpZ2h0OiBpbmhlcml0OyBmb250LWZhbWlseTogJnF1b3Q7U291cmNlIFNhbnMgUHJvJnF1b3Q7LCBzYW5zLXNlcmlmOyB2ZXJ0aWNhbC1hbGlnbjogYmFzZWxpbmU7Ij48c3BhbiBzdHlsZT0iYmFja2dyb3VuZC1jb2xvcjogcmdiKDI1NSwgMjU1LCAyNTUpOyI+TG9yZW0gaXBzdW0gZG9sb3Igc2l0IGFtZXQsIGNvbnNlY3RldHVyIGFkaXBpc2NpbmcgZWxpdC4gRHVpcyBkYXBpYnVzIHJ1dHJ1bSBmYWNpbGlzaXMuIENsYXNzIGFwdGVudCB0YWNpdGkgc29jaW9zcXUgYWQgbGl0b3JhIHRvcnF1ZW50IHBlciBjb251YmlhIG5vc3RyYSwgcGVyIGluY2VwdG9zIGhpbWVuYWVvcy4gRXRpYW0gdHJpc3RpcXVlIGxpYmVybyBldSBuaWJoIHBvcnR0aXRvciBmZXJtZW50dW0uIE51bGxhbSB2ZW5lbmF0aXMgZXJhdCBpZCB2ZWhpY3VsYSB2aXZlcnJhLiBOdW5jIHVsdHJpY2VzIGVyb3MgdXQgdWx0cmljaWVzIGNvbmRpbWVudHVtLiBNYXVyaXMgcmlzdXMgbGFjdXMsIGJsYW5kaXQgc2l0IGFtZXQgdmVuZW5hdGlzIG5vbiwgYmliZW5kdW0gdml0YWUgZG9sb3IuIE51bmMgbG9yZW0gbWF1cmlzLCBmcmluZ2lsbGEgaW4gYWxpcXVhbSBhdCwgZXVpc21vZCBpbiBsZWN0dXMuIFBlbGxlbnRlc3F1ZSBoYWJpdGFudCBtb3JiaSB0cmlzdGlxdWUgc2VuZWN0dXMgZXQgbmV0dXMgZXQgbWFsZXN1YWRhIGZhbWVzIGFjIHR1cnBpcyBlZ2VzdGFzLiBJbiBub24gbG9yZW0gc2l0IGFtZXQgZWxpdCBwbGFjZXJhdCBtYXhpbXVzLiBQZWxsZW50ZXNxdWUgYWxpcXVhbSBtYXhpbXVzIHJpc3VzLCB2ZWwgc2VkIHZlaGljdWxhLjwvc3Bhbj48L3A+', 'user46', 0, 0, 1),
(10, 'Feugiat lorem aenean', 'PGgyIGNsYXNzPSJtYWpvciIgc3R5bGU9Im1hcmdpbjogMHB4IDBweCAycmVtOyBwYWRkaW5nOiAwcHggMHB4IDAuNXJlbTsgYm9yZGVyLXdpZHRoOiAwcHggMHB4IDFweDsgYm9yZGVyLXRvcC1zdHlsZTogaW5pdGlhbDsgYm9yZGVyLXJpZ2h0LXN0eWxlOiBpbml0aWFsOyBib3JkZXItYm90dG9tLXN0eWxlOiBzb2xpZDsgYm9yZGVyLWxlZnQtc3R5bGU6IGluaXRpYWw7IGJvcmRlci10b3AtY29sb3I6IGluaXRpYWw7IGJvcmRlci1yaWdodC1jb2xvcjogaW5pdGlhbDsgYm9yZGVyLWJvdHRvbS1jb2xvcjogcmdiKDI1NSwgMjU1LCAyNTUpOyBib3JkZXItbGVmdC1jb2xvcjogaW5pdGlhbDsgYm9yZGVyLWltYWdlOiBpbml0aWFsOyBmb250LXZhcmlhbnQtbnVtZXJpYzogaW5oZXJpdDsgZm9udC13ZWlnaHQ6IDYwMDsgZm9udC1zdHJldGNoOiBpbmhlcml0OyBmb250LXNpemU6IDEuNXJlbTsgbGluZS1oZWlnaHQ6IDEuNDsgZm9udC1mYW1pbHk6ICZxdW90O1NvdXJjZSBTYW5zIFBybyZxdW90Oywgc2Fucy1zZXJpZjsgdmVydGljYWwtYWxpZ246IGJhc2VsaW5lOyB0ZXh0LXRyYW5zZm9ybTogdXBwZXJjYXNlOyBsZXR0ZXItc3BhY2luZzogMC41cmVtOyB3aWR0aDogbWF4LWNvbnRlbnQ7Ij5XT1JLPC9oMj48cD48c3BhbiBjbGFzcz0iaW1hZ2UgbWFpbiIgc3R5bGU9Im1hcmdpbjogMi41cmVtIDBweDsgcGFkZGluZzogMHB4OyBib3JkZXI6IDBweDsgZm9udC12YXJpYW50LW51bWVyaWM6IGluaGVyaXQ7IGZvbnQtc3RyZXRjaDogaW5oZXJpdDsgZm9udC1zaXplOiAyMS4zMzMzcHg7IGxpbmUtaGVpZ2h0OiBpbmhlcml0OyBmb250LWZhbWlseTogJnF1b3Q7U291cmNlIFNhbnMgUHJvJnF1b3Q7LCBzYW5zLXNlcmlmOyB2ZXJ0aWNhbC1hbGlnbjogYmFzZWxpbmU7IGJvcmRlci1yYWRpdXM6IDRweDsgZGlzcGxheTogYmxvY2s7IHBvc2l0aW9uOiByZWxhdGl2ZTsgd2lkdGg6IDc0Ni42NzJweDsiPjxpbWcgc3JjPSJodHRwczovL2h0bWw1dXAubmV0L3VwbG9hZHMvZGVtb3MvZGltZW5zaW9uL2ltYWdlcy9waWMwMi5qcGciIGFsdD0iIiBzdHlsZT0ibWFyZ2luOiAwcHg7IHBhZGRpbmc6IDBweDsgZm9udC1zdHlsZTogaW5oZXJpdDsgZm9udC12YXJpYW50OiBpbmhlcml0OyBmb250LXdlaWdodDogaW5oZXJpdDsgZm9udC1zdHJldGNoOiBpbmhlcml0OyBmb250LXNpemU6IGluaGVyaXQ7IGxpbmUtaGVpZ2h0OiBpbmhlcml0OyBmb250LWZhbWlseTogaW5oZXJpdDsgdmVydGljYWwtYWxpZ246IGJhc2VsaW5lOyBib3JkZXItcmFkaXVzOiA0cHg7IGRpc3BsYXk6IGJsb2NrOyB3aWR0aDogNzQ2LjY3MnB4OyI+PC9zcGFuPjwvcD48cCBzdHlsZT0ibWFyZ2luLWJvdHRvbTogMnJlbTsgcGFkZGluZzogMHB4OyBib3JkZXI6IDBweDsgZm9udC12YXJpYW50LW51bWVyaWM6IGluaGVyaXQ7IGZvbnQtc3RyZXRjaDogaW5oZXJpdDsgZm9udC1zaXplOiAyMS4zMzMzcHg7IGxpbmUtaGVpZ2h0OiBpbmhlcml0OyBmb250LWZhbWlseTogJnF1b3Q7U291cmNlIFNhbnMgUHJvJnF1b3Q7LCBzYW5zLXNlcmlmOyB2ZXJ0aWNhbC1hbGlnbjogYmFzZWxpbmU7Ij5BZGlwaXNjaW5nIG1hZ25hIHNlZCBkb2xvciBlbGl0LiBQcmFlc2VudCBlbGVpZmVuZCBkaWduaXNzaW0gYXJjdSwgYXQgZWxlaWZlbmQgc2FwaWVuIGltcGVyZGlldCBhYy4gQWxpcXVhbSBlcmF0IHZvbHV0cGF0LiBQcmFlc2VudCB1cm5hIG5pc2ksIGZyaW5naWxhIGxvcmVtIGV0IHZlaGljdWxhIGxhY2luaWEgcXVhbS4gSW50ZWdlciBzb2xsaWNpdHVkaW4gbWF1cmlzIG5lYyBsb3JlbSBsdWN0dXMgdWx0cmljZXMuPC9wPjxwIHN0eWxlPSJtYXJnaW4tYm90dG9tOiAycmVtOyBwYWRkaW5nOiAwcHg7IGJvcmRlcjogMHB4OyBmb250LXZhcmlhbnQtbnVtZXJpYzogaW5oZXJpdDsgZm9udC1zdHJldGNoOiBpbmhlcml0OyBmb250LXNpemU6IDIxLjMzMzNweDsgbGluZS1oZWlnaHQ6IGluaGVyaXQ7IGZvbnQtZmFtaWx5OiAmcXVvdDtTb3VyY2UgU2FucyBQcm8mcXVvdDssIHNhbnMtc2VyaWY7IHZlcnRpY2FsLWFsaWduOiBiYXNlbGluZTsiPk51bGxhbSBldCBvcmNpIGV1IGxvcmVtIGNvbnNlcXVhdCB0aW5jaWR1bnQgdml2YW11cyBldCBzYWdpdHRpcyBsaWJlcm8uIE1hdXJpcyBhbGlxdWV0IG1hZ25hIG1hZ25hIHNlZCBudW5jIHJob25jdXMgcGhhcmV0cmEuIFBlbGxlbnRlc3F1ZSBjb25kaW1lbnR1bSBzZW0uIEluIGVmZmljaXR1ciBsaWd1bGEgdGF0ZSB1cm5hLiBNYWVjZW5hcyBsYW9yZWV0IG1hc3NhIHZlbCBsYWNpbmlhIHBlbGxlbnRlc3F1ZSBsb3JlbSBpcHN1bSBkb2xvci4gTnVsbGFtIGV0IG9yY2kgZXUgbG9yZW0gY29uc2VxdWF0IHRpbmNpZHVudC4gVml2YW11cyBldCBzYWdpdHRpcyBsaWJlcm8uIE1hdXJpcyBhbGlxdWV0IG1hZ25hIG1hZ25hIHNlZCBudW5jIHJob25jdXMgYW1ldCBmZXVnaWF0IHRlbXB1cy48L3A+', 'lluismat', 0, 0, 1),
(11, 'dolor sit amet', 'PGgyIGNsYXNzPSJtYWpvciIgc3R5bGU9Im1hcmdpbjogMHB4IDBweCAycmVtOyBwYWRkaW5nOiAwcHggMHB4IDAuNXJlbTsgYm9yZGVyLXdpZHRoOiAwcHggMHB4IDFweDsgYm9yZGVyLXRvcC1zdHlsZTogaW5pdGlhbDsgYm9yZGVyLXJpZ2h0LXN0eWxlOiBpbml0aWFsOyBib3JkZXItYm90dG9tLXN0eWxlOiBzb2xpZDsgYm9yZGVyLWxlZnQtc3R5bGU6IGluaXRpYWw7IGJvcmRlci10b3AtY29sb3I6IGluaXRpYWw7IGJvcmRlci1yaWdodC1jb2xvcjogaW5pdGlhbDsgYm9yZGVyLWJvdHRvbS1jb2xvcjogcmdiKDI1NSwgMjU1LCAyNTUpOyBib3JkZXItbGVmdC1jb2xvcjogaW5pdGlhbDsgYm9yZGVyLWltYWdlOiBpbml0aWFsOyBmb250LXZhcmlhbnQtbnVtZXJpYzogaW5oZXJpdDsgZm9udC13ZWlnaHQ6IDYwMDsgZm9udC1zdHJldGNoOiBpbmhlcml0OyBmb250LXNpemU6IDEuNXJlbTsgbGluZS1oZWlnaHQ6IDEuNDsgZm9udC1mYW1pbHk6ICZxdW90O1NvdXJjZSBTYW5zIFBybyZxdW90Oywgc2Fucy1zZXJpZjsgdmVydGljYWwtYWxpZ246IGJhc2VsaW5lOyB0ZXh0LXRyYW5zZm9ybTogdXBwZXJjYXNlOyBsZXR0ZXItc3BhY2luZzogMC41cmVtOyB3aWR0aDogbWF4LWNvbnRlbnQ7Ij5BQk9VVDwvaDI+PHA+PHNwYW4gY2xhc3M9ImltYWdlIG1haW4iIHN0eWxlPSJtYXJnaW46IDIuNXJlbSAwcHg7IHBhZGRpbmc6IDBweDsgYm9yZGVyOiAwcHg7IGZvbnQtdmFyaWFudC1udW1lcmljOiBpbmhlcml0OyBmb250LXN0cmV0Y2g6IGluaGVyaXQ7IGZvbnQtc2l6ZTogMjEuMzMzM3B4OyBsaW5lLWhlaWdodDogaW5oZXJpdDsgZm9udC1mYW1pbHk6ICZxdW90O1NvdXJjZSBTYW5zIFBybyZxdW90Oywgc2Fucy1zZXJpZjsgdmVydGljYWwtYWxpZ246IGJhc2VsaW5lOyBib3JkZXItcmFkaXVzOiA0cHg7IGRpc3BsYXk6IGJsb2NrOyBwb3NpdGlvbjogcmVsYXRpdmU7IHdpZHRoOiA3NDYuNjcycHg7Ij48aW1nIHNyYz0iaHR0cHM6Ly9odG1sNXVwLm5ldC91cGxvYWRzL2RlbW9zL2RpbWVuc2lvbi9pbWFnZXMvcGljMDMuanBnIiBhbHQ9IiIgc3R5bGU9Im1hcmdpbjogMHB4OyBwYWRkaW5nOiAwcHg7IGZvbnQtc3R5bGU6IGluaGVyaXQ7IGZvbnQtdmFyaWFudDogaW5oZXJpdDsgZm9udC13ZWlnaHQ6IGluaGVyaXQ7IGZvbnQtc3RyZXRjaDogaW5oZXJpdDsgZm9udC1zaXplOiBpbmhlcml0OyBsaW5lLWhlaWdodDogaW5oZXJpdDsgZm9udC1mYW1pbHk6IGluaGVyaXQ7IHZlcnRpY2FsLWFsaWduOiBiYXNlbGluZTsgYm9yZGVyLXJhZGl1czogNHB4OyBkaXNwbGF5OiBibG9jazsgd2lkdGg6IDc0Ni42NzJweDsiPjwvc3Bhbj48L3A+PHAgc3R5bGU9Im1hcmdpbi1ib3R0b206IDJyZW07IHBhZGRpbmc6IDBweDsgYm9yZGVyOiAwcHg7IGZvbnQtdmFyaWFudC1udW1lcmljOiBpbmhlcml0OyBmb250LXN0cmV0Y2g6IGluaGVyaXQ7IGZvbnQtc2l6ZTogMjEuMzMzM3B4OyBsaW5lLWhlaWdodDogaW5oZXJpdDsgZm9udC1mYW1pbHk6ICZxdW90O1NvdXJjZSBTYW5zIFBybyZxdW90Oywgc2Fucy1zZXJpZjsgdmVydGljYWwtYWxpZ246IGJhc2VsaW5lOyI+TG9yZW0gaXBzdW0gZG9sb3Igc2l0IGFtZXQsIGNvbnNlY3RldHVyIGV0IGFkaXBpc2NpbmcgZWxpdC4gUHJhZXNlbnQgZWxlaWZlbmQgZGlnbmlzc2ltIGFyY3UsIGF0IGVsZWlmZW5kIHNhcGllbiBpbXBlcmRpZXQgYWMuIEFsaXF1YW0gZXJhdCB2b2x1dHBhdC4gUHJhZXNlbnQgdXJuYSBuaXNpLCBmcmluZ2lsYSBsb3JlbSBldCB2ZWhpY3VsYSBsYWNpbmlhIHF1YW0uIEludGVnZXIgc29sbGljaXR1ZGluIG1hdXJpcyBuZWMgbG9yZW0gbHVjdHVzIHVsdHJpY2VzLiBBbGlxdWFtIGxpYmVybyBldCBtYWxlc3VhZGEgZmFtZXMgYWMgYW50ZSBpcHN1bSBwcmltaXMgaW4gZmF1Y2lidXMuIENyYXMgdml2ZXJyYSBsaWd1bGEgc2l0IGFtZXQgZXggbW9sbGlzIG1hdHRpcyBsb3JlbSBpcHN1bSBkb2xvciBzaXQgYW1ldC48L3A+', 'admin', 0, 0, 1),
(12, 'NULLAM DIGNISSIM', 'PHA+PGEgaHJlZj0iaHR0cHM6Ly9odG1sNXVwLm5ldC91cGxvYWRzL2RlbW9zL3NvbGlkLXN0YXRlLyMiIGNsYXNzPSJpbWFnZSIgc3R5bGU9Im1hcmdpbjogMHB4IDBweCAyZW0gM2VtOyBwYWRkaW5nOiAwcHg7IGJvcmRlcjogMHB4OyBmb250LXZhcmlhbnQtbnVtZXJpYzogaW5oZXJpdDsgZm9udC1zdHJldGNoOiBpbmhlcml0OyBmb250LXNpemU6IDIycHg7IGxpbmUtaGVpZ2h0OiBpbmhlcml0OyBmb250LWZhbWlseTogJnF1b3Q7U291cmNlIFNhbnMgUHJvJnF1b3Q7LCBIZWx2ZXRpY2EsIHNhbnMtc2VyaWY7IHZlcnRpY2FsLWFsaWduOiBiYXNlbGluZTsgdHJhbnNpdGlvbjogY29sb3IgMC4ycyBlYXNlLWluLW91dCwgYm9yZGVyLWJvdHRvbS1jb2xvciAwLjJzIGVhc2UtaW4tb3V0OyBjb2xvcjogcmdiKDI1NSwgMjU1LCAyNTUpOyBib3JkZXItcmFkaXVzOiAxMDAlOyBkaXNwbGF5OiBpbmxpbmUtYmxvY2s7IHBvc2l0aW9uOiByZWxhdGl2ZTsgd2lkdGg6IDIyZW07IG92ZXJmbG93OiBoaWRkZW47IHRleHQtYWxpZ246IHJpZ2h0OyBiYWNrZ3JvdW5kLWNvbG9yOiByZ2IoNjMsIDc4LCAxMzMpOyI+PGltZyBzcmM9Imh0dHBzOi8vaHRtbDV1cC5uZXQvdXBsb2Fkcy9kZW1vcy9zb2xpZC1zdGF0ZS9pbWFnZXMvcGljMDMuanBnIiBhbHQ9IiIgc3R5bGU9Im1hcmdpbjogMHB4OyBwYWRkaW5nOiAwcHg7IGZvbnQtc3R5bGU6IGluaGVyaXQ7IGZvbnQtdmFyaWFudDogaW5oZXJpdDsgZm9udC13ZWlnaHQ6IGluaGVyaXQ7IGZvbnQtc3RyZXRjaDogaW5oZXJpdDsgZm9udC1zaXplOiBpbmhlcml0OyBsaW5lLWhlaWdodDogaW5oZXJpdDsgZm9udC1mYW1pbHk6IGluaGVyaXQ7IHZlcnRpY2FsLWFsaWduOiBiYXNlbGluZTsgYm9yZGVyLXJhZGl1czogMTAwJTsgZGlzcGxheTogYmxvY2s7IHdpZHRoOiAzMjYuODU5cHg7Ij48L2E+PC9wPjxkaXYgY2xhc3M9ImNvbnRlbnQiIHN0eWxlPSJtYXJnaW46IDBweDsgcGFkZGluZzogMHB4OyBib3JkZXI6IDBweDsgZm9udC12YXJpYW50LW51bWVyaWM6IGluaGVyaXQ7IGZvbnQtc3RyZXRjaDogaW5oZXJpdDsgZm9udC1zaXplOiAyMnB4OyBsaW5lLWhlaWdodDogaW5oZXJpdDsgZm9udC1mYW1pbHk6ICZxdW90O1NvdXJjZSBTYW5zIFBybyZxdW90OywgSGVsdmV0aWNhLCBzYW5zLXNlcmlmOyB2ZXJ0aWNhbC1hbGlnbjogYmFzZWxpbmU7IHdpZHRoOiA4MTcuMTQxcHg7IGNvbG9yOiByZ2IoMjU1LCAyNTUsIDI1NSk7IHRleHQtYWxpZ246IHJpZ2h0OyBiYWNrZ3JvdW5kLWNvbG9yOiByZ2IoNjMsIDc4LCAxMzMpOyI+PGgyIGNsYXNzPSJtYWpvciIgc3R5bGU9Im1hcmdpbjogMHB4IDBweCAxZW07IHBhZGRpbmc6IDBweCAwcHggMWVtOyBib3JkZXItd2lkdGg6IDBweCAwcHggMnB4OyBib3JkZXItdG9wLXN0eWxlOiBpbml0aWFsOyBib3JkZXItcmlnaHQtc3R5bGU6IGluaXRpYWw7IGJvcmRlci1ib3R0b20tc3R5bGU6IHNvbGlkOyBib3JkZXItbGVmdC1zdHlsZTogaW5pdGlhbDsgYm9yZGVyLXRvcC1jb2xvcjogaW5pdGlhbDsgYm9yZGVyLXJpZ2h0LWNvbG9yOiBpbml0aWFsOyBib3JkZXItYm90dG9tLWNvbG9yOiByZ2JhKDI1NSwgMjU1LCAyNTUsIDAuMTI1KTsgYm9yZGVyLWxlZnQtY29sb3I6IGluaXRpYWw7IGJvcmRlci1pbWFnZTogaW5pdGlhbDsgZm9udC1zdHlsZTogaW5oZXJpdDsgZm9udC12YXJpYW50OiBpbmhlcml0OyBmb250LXdlaWdodDogNzAwOyBmb250LXN0cmV0Y2g6IGluaGVyaXQ7IGZvbnQtc2l6ZTogMS4yZW07IGxpbmUtaGVpZ2h0OiBpbmhlcml0OyBmb250LWZhbWlseTogUmFsZXdheSwgSGVsdmV0aWNhLCBzYW5zLXNlcmlmOyB2ZXJ0aWNhbC1hbGlnbjogYmFzZWxpbmU7IGNvbG9yOiByZ2IoMjU1LCAyNTUsIDI1NSk7IGxldHRlci1zcGFjaW5nOiAwLjFlbTsgdGV4dC10cmFuc2Zvcm06IHVwcGVyY2FzZTsiPk5VTExBTSBESUdOSVNTSU08L2gyPjxwIHN0eWxlPSJtYXJnaW4tYm90dG9tOiAyZW07IHBhZGRpbmc6IDBweDsgYm9yZGVyOiAwcHg7IGZvbnQtc3R5bGU6IGluaGVyaXQ7IGZvbnQtdmFyaWFudDogaW5oZXJpdDsgZm9udC13ZWlnaHQ6IGluaGVyaXQ7IGZvbnQtc3RyZXRjaDogaW5oZXJpdDsgZm9udC1zaXplOiBpbmhlcml0OyBsaW5lLWhlaWdodDogaW5oZXJpdDsgZm9udC1mYW1pbHk6IGluaGVyaXQ7IHZlcnRpY2FsLWFsaWduOiBiYXNlbGluZTsiPkxvcmVtIGlwc3VtIGRvbG9yIHNpdCBhbWV0LCBldGlhbSBsb3JlbSBhZGlwaXNjaW5nIGVsaXQuIENyYXMgdHVycGlzIGFudGUsIG51bGxhbSBzaXQgYW1ldCB0dXJwaXMgbm9uLCBzb2xsaWNpdHVkaW4gcG9zdWVyZSB1cm5hLiBNYXVyaXMgaWQgdGVsbHVzIGFyY3UuIE51bmMgdmVoaWN1bGEgaWQgbnVsbGEgZGlnbmlzc2ltIGRhcGlidXMuIE51bGxhbSB1bHRyaWNlcywgbmVxdWUgZXQgZmF1Y2lidXMgdml2ZXJyYSwgZXggbnVsbGEgY3Vyc3VzLjwvcD48cCBzdHlsZT0ibWFyZ2luLWJvdHRvbTogMmVtOyBwYWRkaW5nOiAwcHg7IGJvcmRlcjogMHB4OyBmb250LXN0eWxlOiBpbmhlcml0OyBmb250LXZhcmlhbnQ6IGluaGVyaXQ7IGZvbnQtd2VpZ2h0OiBpbmhlcml0OyBmb250LXN0cmV0Y2g6IGluaGVyaXQ7IGZvbnQtc2l6ZTogaW5oZXJpdDsgbGluZS1oZWlnaHQ6IGluaGVyaXQ7IGZvbnQtZmFtaWx5OiBpbmhlcml0OyB2ZXJ0aWNhbC1hbGlnbjogYmFzZWxpbmU7Ij48YnI+PC9wPjwvZGl2Pg==', 'user35', 0, 0, 1),
(13, 'MAGNA SED ADIPISCING', 'PGhlYWRlciBzdHlsZT0ibWFyZ2luOiAtM2VtIDBweCAzZW07IHBhZGRpbmc6IDBweDsgYm9yZGVyLXdpZHRoOiAwcHggMHB4IDFweDsgYm9yZGVyLXRvcC1zdHlsZTogaW5pdGlhbDsgYm9yZGVyLXJpZ2h0LXN0eWxlOiBpbml0aWFsOyBib3JkZXItYm90dG9tLXN0eWxlOiBzb2xpZDsgYm9yZGVyLWxlZnQtc3R5bGU6IGluaXRpYWw7IGJvcmRlci10b3AtY29sb3I6IGluaXRpYWw7IGJvcmRlci1yaWdodC1jb2xvcjogaW5pdGlhbDsgYm9yZGVyLWJvdHRvbS1jb2xvcjogcmdiYSgxNjAsIDE2MCwgMTYwLCAwLjMpOyBib3JkZXItbGVmdC1jb2xvcjogaW5pdGlhbDsgYm9yZGVyLWltYWdlOiBpbml0aWFsOyBmb250LXZhcmlhbnQtbnVtZXJpYzogaW5oZXJpdDsgZm9udC1zdHJldGNoOiBpbmhlcml0OyBmb250LXNpemU6IDE4LjY2NjdweDsgbGluZS1oZWlnaHQ6IGluaGVyaXQ7IGZvbnQtZmFtaWx5OiAmcXVvdDtTb3VyY2UgU2FucyBQcm8mcXVvdDssIEhlbHZldGljYSwgc2Fucy1zZXJpZjsgdmVydGljYWwtYWxpZ246IGJhc2VsaW5lOyBkaXNwbGF5OiBmbGV4OyBsZWZ0OiAtM2VtOyBwb3NpdGlvbjogcmVsYXRpdmU7IHdpZHRoOiBjYWxjKDEwMCUgKyA2ZW0pOyBjb2xvcjogcmdiKDEwMCwgMTAwLCAxMDApOyI+PGRpdiBjbGFzcz0idGl0bGUiIHN0eWxlPSJtYXJnaW46IDBweDsgcGFkZGluZzogMy43NWVtIDNlbSAzLjNlbTsgYm9yZGVyOiAwcHg7IGZvbnQtc3R5bGU6IGluaGVyaXQ7IGZvbnQtdmFyaWFudDogaW5oZXJpdDsgZm9udC13ZWlnaHQ6IGluaGVyaXQ7IGZvbnQtc3RyZXRjaDogaW5oZXJpdDsgZm9udC1zaXplOiBpbmhlcml0OyBsaW5lLWhlaWdodDogaW5oZXJpdDsgZm9udC1mYW1pbHk6IGluaGVyaXQ7IHZlcnRpY2FsLWFsaWduOiBiYXNlbGluZTsgZmxleC1ncm93OiAxOyI+PGgyIHN0eWxlPSJtYXJnaW46IDBweCAwcHggMWVtOyBwYWRkaW5nOiAwcHg7IGJvcmRlcjogMHB4OyBmb250LXN0eWxlOiBpbmhlcml0OyBmb250LXZhcmlhbnQ6IGluaGVyaXQ7IGZvbnQtd2VpZ2h0OiA5MDA7IGZvbnQtc3RyZXRjaDogaW5oZXJpdDsgZm9udC1zaXplOiAxLjVlbTsgbGluZS1oZWlnaHQ6IDEuNjU7IGZvbnQtZmFtaWx5OiBSYWxld2F5LCBIZWx2ZXRpY2EsIHNhbnMtc2VyaWY7IHZlcnRpY2FsLWFsaWduOiBiYXNlbGluZTsgY29sb3I6IHJnYig2MCwgNTksIDU5KTsgbGV0dGVyLXNwYWNpbmc6IDAuMjVlbTsgdGV4dC10cmFuc2Zvcm06IHVwcGVyY2FzZTsiPjxhIGhyZWY9Imh0dHBzOi8vaHRtbDV1cC5uZXQvdXBsb2Fkcy9kZW1vcy9mdXR1cmUtaW1wZXJmZWN0LyMiIHN0eWxlPSJtYXJnaW46IDBweDsgcGFkZGluZzogMHB4OyBib3JkZXI6IDBweDsgZm9udC1zdHlsZTogaW5oZXJpdDsgZm9udC12YXJpYW50OiBpbmhlcml0OyBmb250LXdlaWdodDogaW5oZXJpdDsgZm9udC1zdHJldGNoOiBpbmhlcml0OyBmb250LXNpemU6IGluaGVyaXQ7IGxpbmUtaGVpZ2h0OiBpbmhlcml0OyBmb250LWZhbWlseTogaW5oZXJpdDsgdmVydGljYWwtYWxpZ246IGJhc2VsaW5lOyB0cmFuc2l0aW9uOiBjb2xvciAwLjJzIGVhc2UsIGJvcmRlci1ib3R0b20tY29sb3IgMC4ycyBlYXNlOyBjb2xvcjogaW5oZXJpdDsiPk1BR05BIFNFRCBBRElQSVNDSU5HPC9hPjwvaDI+PHAgc3R5bGU9Im1hcmdpbi10b3A6IC0xZW07IG1hcmdpbi1ib3R0b206IDBweDsgcGFkZGluZzogMHB4OyBib3JkZXI6IDBweDsgZm9udC1zdHlsZTogaW5oZXJpdDsgZm9udC12YXJpYW50OiBpbmhlcml0OyBmb250LXN0cmV0Y2g6IGluaGVyaXQ7IGZvbnQtc2l6ZTogMC43ZW07IGxpbmUtaGVpZ2h0OiAyLjU7IGZvbnQtZmFtaWx5OiBSYWxld2F5LCBIZWx2ZXRpY2EsIHNhbnMtc2VyaWY7IHZlcnRpY2FsLWFsaWduOiBiYXNlbGluZTsgbGV0dGVyLXNwYWNpbmc6IDAuMjVlbTsgdGV4dC10cmFuc2Zvcm06IHVwcGVyY2FzZTsiPkxPUkVNIElQU1VNIERPTE9SIEFNRVQgTlVMTEFNIENPTlNFUVVBVCBFVElBTSBGRVVHSUFUPC9wPjwvZGl2PjxkaXYgY2xhc3M9Im1ldGEiIHN0eWxlPSJtYXJnaW46IDBweDsgcGFkZGluZzogMy43NWVtIDNlbSAxLjc1ZW07IGJvcmRlci13aWR0aDogMHB4IDBweCAwcHggMXB4OyBib3JkZXItdG9wLXN0eWxlOiBpbml0aWFsOyBib3JkZXItcmlnaHQtc3R5bGU6IGluaXRpYWw7IGJvcmRlci1ib3R0b20tc3R5bGU6IGluaXRpYWw7IGJvcmRlci1sZWZ0LXN0eWxlOiBzb2xpZDsgYm9yZGVyLXRvcC1jb2xvcjogaW5pdGlhbDsgYm9yZGVyLXJpZ2h0LWNvbG9yOiBpbml0aWFsOyBib3JkZXItYm90dG9tLWNvbG9yOiBpbml0aWFsOyBib3JkZXItbGVmdC1jb2xvcjogcmdiYSgxNjAsIDE2MCwgMTYwLCAwLjMpOyBib3JkZXItaW1hZ2U6IGluaXRpYWw7IGZvbnQtc3R5bGU6IGluaGVyaXQ7IGZvbnQtdmFyaWFudDogaW5oZXJpdDsgZm9udC13ZWlnaHQ6IGluaGVyaXQ7IGZvbnQtc3RyZXRjaDogaW5oZXJpdDsgZm9udC1zaXplOiBpbmhlcml0OyBsaW5lLWhlaWdodDogaW5oZXJpdDsgZm9udC1mYW1pbHk6IGluaGVyaXQ7IHZlcnRpY2FsLWFsaWduOiBiYXNlbGluZTsgbWluLXdpZHRoOiAxN2VtOyB0ZXh0LWFsaWduOiByaWdodDsgd2lkdGg6IDE3ZW07Ij48dGltZSBjbGFzcz0icHVibGlzaGVkIiBkYXRldGltZT0iMjAxNS0xMS0wMSIgc3R5bGU9Im1hcmdpbjogMC41ZW0gMHB4IDFlbTsgcGFkZGluZzogMHB4OyBib3JkZXI6IDBweDsgZm9udC1zdHlsZTogaW5oZXJpdDsgZm9udC12YXJpYW50OiBpbmhlcml0OyBmb250LXdlaWdodDogODAwOyBmb250LXN0cmV0Y2g6IGluaGVyaXQ7IGZvbnQtc2l6ZTogMC43ZW07IGxpbmUtaGVpZ2h0OiBpbmhlcml0OyBmb250LWZhbWlseTogUmFsZXdheSwgSGVsdmV0aWNhLCBzYW5zLXNlcmlmOyB2ZXJ0aWNhbC1hbGlnbjogYmFzZWxpbmU7IGNvbG9yOiByZ2IoNjAsIDU5LCA1OSk7IGRpc3BsYXk6IGJsb2NrOyBsZXR0ZXItc3BhY2luZzogMC4yNWVtOyB0ZXh0LXRyYW5zZm9ybTogdXBwZXJjYXNlOyB3aGl0ZS1zcGFjZTogbm93cmFwOyI+Tk9WRU1CRVIgMSwgMjAxNTwvdGltZT48YSBocmVmPSJodHRwczovL2h0bWw1dXAubmV0L3VwbG9hZHMvZGVtb3MvZnV0dXJlLWltcGVyZmVjdC8jIiBjbGFzcz0iYXV0aG9yIiBzdHlsZT0ibWFyZ2luOiAwcHg7IHBhZGRpbmc6IDBweDsgYm9yZGVyOiAwcHg7IGZvbnQtc3R5bGU6IGluaGVyaXQ7IGZvbnQtdmFyaWFudDogaW5oZXJpdDsgZm9udC1zdHJldGNoOiBpbmhlcml0OyBmb250LXNpemU6IDAuNmVtOyBsaW5lLWhlaWdodDogaW5oZXJpdDsgZm9udC1mYW1pbHk6IFJhbGV3YXksIEhlbHZldGljYSwgc2Fucy1zZXJpZjsgdmVydGljYWwtYWxpZ246IGJhc2VsaW5lOyB0cmFuc2l0aW9uOiBjb2xvciAwLjJzIGVhc2UsIGJvcmRlci1ib3R0b20tY29sb3IgMC4ycyBlYXNlOyBjb2xvcjogaW5oZXJpdDsgZGlzcGxheTogZmxleDsgZmxleC1kaXJlY3Rpb246IHJvdzsgYWxpZ24taXRlbXM6IGNlbnRlcjsganVzdGlmeS1jb250ZW50OiBmbGV4LWVuZDsgbGV0dGVyLXNwYWNpbmc6IDAuMjVlbTsgdGV4dC10cmFuc2Zvcm06IHVwcGVyY2FzZTsgd2hpdGUtc3BhY2U6IG5vd3JhcDsiPjxzcGFuIGNsYXNzPSJuYW1lIiBzdHlsZT0ibWFyZ2luOiAwcHggMS41ZW0gMHB4IDBweDsgcGFkZGluZzogMHB4OyBib3JkZXItd2lkdGg6IDBweCAwcHggMXB4OyBib3JkZXItdG9wLXN0eWxlOiBpbml0aWFsOyBib3JkZXItcmlnaHQtc3R5bGU6IGluaXRpYWw7IGJvcmRlci1ib3R0b20tc3R5bGU6IGRvdHRlZDsgYm9yZGVyLWxlZnQtc3R5bGU6IGluaXRpYWw7IGJvcmRlci10b3AtY29sb3I6IGluaXRpYWw7IGJvcmRlci1yaWdodC1jb2xvcjogaW5pdGlhbDsgYm9yZGVyLWJvdHRvbS1jb2xvcjogcmdiYSgxNjAsIDE2MCwgMTYwLCAwLjY1KTsgYm9yZGVyLWxlZnQtY29sb3I6IGluaXRpYWw7IGJvcmRlci1pbWFnZTogaW5pdGlhbDsgZm9udC1zdHlsZTogaW5oZXJpdDsgZm9udC12YXJpYW50OiBpbmhlcml0OyBmb250LXdlaWdodDogaW5oZXJpdDsgZm9udC1zdHJldGNoOiBpbmhlcml0OyBmb250LXNpemU6IGluaGVyaXQ7IGxpbmUtaGVpZ2h0OiBpbmhlcml0OyBmb250LWZhbWlseTogaW5oZXJpdDsgdmVydGljYWwtYWxpZ246IGJhc2VsaW5lOyB0cmFuc2l0aW9uOiBib3JkZXItYm90dG9tLWNvbG9yIDAuMnMgZWFzZTsgZGlzcGxheTogYmxvY2s7Ij5KQU5FIERPRTwvc3Bhbj48aW1nIHNyYz0iaHR0cHM6Ly9odG1sNXVwLm5ldC91cGxvYWRzL2RlbW9zL2Z1dHVyZS1pbXBlcmZlY3QvaW1hZ2VzL2F2YXRhci5qcGciIGFsdD0iIiBzdHlsZT0ibWFyZ2luOiAwcHg7IHBhZGRpbmc6IDBweDsgZm9udC1zdHlsZTogaW5oZXJpdDsgZm9udC12YXJpYW50OiBpbmhlcml0OyBmb250LXdlaWdodDogaW5oZXJpdDsgZm9udC1zdHJldGNoOiBpbmhlcml0OyBmb250LXNpemU6IGluaGVyaXQ7IGxpbmUtaGVpZ2h0OiBpbmhlcml0OyBmb250LWZhbWlseTogaW5oZXJpdDsgdmVydGljYWwtYWxpZ246IGJhc2VsaW5lOyBib3JkZXItcmFkaXVzOiAxMDAlOyBkaXNwbGF5OiBibG9jazsgd2lkdGg6IDRlbTsiPjwvYT48L2Rpdj48L2hlYWRlcj48cD48YSBocmVmPSJodHRwczovL2h0bWw1dXAubmV0L3VwbG9hZHMvZGVtb3MvZnV0dXJlLWltcGVyZmVjdC8jIiBjbGFzcz0iaW1hZ2UgZmVhdHVyZWQiIHN0eWxlPSJtYXJnaW46IDBweCAwcHggM2VtOyBwYWRkaW5nOiAwcHg7IGJvcmRlcjogMHB4OyBmb250LXZhcmlhbnQtbnVtZXJpYzogaW5oZXJpdDsgZm9udC1zdHJldGNoOiBpbmhlcml0OyBmb250LXNpemU6IDE4LjY2NjdweDsgbGluZS1oZWlnaHQ6IGluaGVyaXQ7IGZvbnQtZmFtaWx5OiAmcXVvdDtTb3VyY2UgU2FucyBQcm8mcXVvdDssIEhlbHZldGljYSwgc2Fucy1zZXJpZjsgdmVydGljYWwtYWxpZ246IGJhc2VsaW5lOyB0cmFuc2l0aW9uOiBjb2xvciAwLjJzIGVhc2UsIGJvcmRlci1ib3R0b20tY29sb3IgMC4ycyBlYXNlOyBjb2xvcjogaW5oZXJpdDsgZGlzcGxheTogYmxvY2s7IHBvc2l0aW9uOiByZWxhdGl2ZTsgd2lkdGg6IDkzMS4zNDRweDsgb3ZlcmZsb3c6IGhpZGRlbjsiPjxpbWcgc3JjPSJodHRwczovL2h0bWw1dXAubmV0L3VwbG9hZHMvZGVtb3MvZnV0dXJlLWltcGVyZmVjdC9pbWFnZXMvcGljMDEuanBnIiBhbHQ9IiIgc3R5bGU9Im1hcmdpbjogMHB4OyBwYWRkaW5nOiAwcHg7IGZvbnQtc3R5bGU6IGluaGVyaXQ7IGZvbnQtdmFyaWFudDogaW5oZXJpdDsgZm9udC13ZWlnaHQ6IGluaGVyaXQ7IGZvbnQtc3RyZXRjaDogaW5oZXJpdDsgZm9udC1zaXplOiBpbmhlcml0OyBsaW5lLWhlaWdodDogaW5oZXJpdDsgZm9udC1mYW1pbHk6IGluaGVyaXQ7IHZlcnRpY2FsLWFsaWduOiBiYXNlbGluZTsgZGlzcGxheTogYmxvY2s7IHdpZHRoOiA5MzEuMzQ0cHg7IHRyYW5zaXRpb246IHRyYW5zZm9ybSAwLjJzIGVhc2Utb3V0OyI+PC9hPjwvcD48cCBzdHlsZT0ibWFyZ2luLWJvdHRvbTogMmVtOyBwYWRkaW5nOiAwcHg7IGJvcmRlcjogMHB4OyBmb250LXZhcmlhbnQtbnVtZXJpYzogaW5oZXJpdDsgZm9udC1zdHJldGNoOiBpbmhlcml0OyBmb250LXNpemU6IDE4LjY2NjdweDsgbGluZS1oZWlnaHQ6IGluaGVyaXQ7IGZvbnQtZmFtaWx5OiAmcXVvdDtTb3VyY2UgU2FucyBQcm8mcXVvdDssIEhlbHZldGljYSwgc2Fucy1zZXJpZjsgdmVydGljYWwtYWxpZ246IGJhc2VsaW5lOyBjb2xvcjogcmdiKDEwMCwgMTAwLCAxMDApOyI+TWF1cmlzIG5lcXVlIHF1YW0sIGZlcm1lbnR1bSB1dCBuaXNsIHZpdGFlLCBjb252YWxsaXMgbWF4aW11cyBuaXNsLiBTZWQgbWF0dGlzIG51bmMgaWQgbG9yZW0gZXVpc21vZCBwbGFjZXJhdC4gVml2YW11cyBwb3J0dGl0b3IgbWFnbmEgZW5pbSwgYWMgYWNjdW1zYW4gdG9ydG9yIGN1cnN1cyBhdC4gUGhhc2VsbHVzIHNlZCB1bHRyaWNpZXMgbWkgbm9uIGNvbmd1ZSB1bGxhbSBjb3JwZXIuIFByYWVzZW50IHRpbmNpZHVudCBzZWQgdGVsbHVzIHV0IHJ1dHJ1bS4gU2VkIHZpdGFlIGp1c3RvIGNvbmRpbWVudHVtLCBwb3J0YSBsZWN0dXMgdml0YWUsIHVsdHJpY2llcyBjb25ndWUgZ3JhdmlkYSBkaWFtIG5vbiBmcmluZ2lsbGEuPC9wPg==', 'user26', 0, 0, 1),
(14, 'ULTRICIES SED MAGNA EUISMOD ENIM VITAE GRAVIDA', 'PGhlYWRlciBzdHlsZT0ibWFyZ2luOiAtM2VtIDBweCAzZW07IHBhZGRpbmc6IDBweDsgYm9yZGVyLXdpZHRoOiAwcHggMHB4IDFweDsgYm9yZGVyLXRvcC1zdHlsZTogaW5pdGlhbDsgYm9yZGVyLXJpZ2h0LXN0eWxlOiBpbml0aWFsOyBib3JkZXItYm90dG9tLXN0eWxlOiBzb2xpZDsgYm9yZGVyLWxlZnQtc3R5bGU6IGluaXRpYWw7IGJvcmRlci10b3AtY29sb3I6IGluaXRpYWw7IGJvcmRlci1yaWdodC1jb2xvcjogaW5pdGlhbDsgYm9yZGVyLWJvdHRvbS1jb2xvcjogcmdiYSgxNjAsIDE2MCwgMTYwLCAwLjMpOyBib3JkZXItbGVmdC1jb2xvcjogaW5pdGlhbDsgYm9yZGVyLWltYWdlOiBpbml0aWFsOyBmb250LXZhcmlhbnQtbnVtZXJpYzogaW5oZXJpdDsgZm9udC1zdHJldGNoOiBpbmhlcml0OyBmb250LXNpemU6IDE4LjY2NjdweDsgbGluZS1oZWlnaHQ6IGluaGVyaXQ7IGZvbnQtZmFtaWx5OiAmcXVvdDtTb3VyY2UgU2FucyBQcm8mcXVvdDssIEhlbHZldGljYSwgc2Fucy1zZXJpZjsgdmVydGljYWwtYWxpZ246IGJhc2VsaW5lOyBkaXNwbGF5OiBmbGV4OyBsZWZ0OiAtM2VtOyBwb3NpdGlvbjogcmVsYXRpdmU7IHdpZHRoOiBjYWxjKDEwMCUgKyA2ZW0pOyBjb2xvcjogcmdiKDEwMCwgMTAwLCAxMDApOyI+PGRpdiBjbGFzcz0idGl0bGUiIHN0eWxlPSJtYXJnaW46IDBweDsgcGFkZGluZzogMy43NWVtIDNlbSAzLjNlbTsgYm9yZGVyOiAwcHg7IGZvbnQtc3R5bGU6IGluaGVyaXQ7IGZvbnQtdmFyaWFudDogaW5oZXJpdDsgZm9udC13ZWlnaHQ6IGluaGVyaXQ7IGZvbnQtc3RyZXRjaDogaW5oZXJpdDsgZm9udC1zaXplOiBpbmhlcml0OyBsaW5lLWhlaWdodDogaW5oZXJpdDsgZm9udC1mYW1pbHk6IGluaGVyaXQ7IHZlcnRpY2FsLWFsaWduOiBiYXNlbGluZTsgZmxleC1ncm93OiAxOyI+PGgyIHN0eWxlPSJtYXJnaW46IDBweCAwcHggMWVtOyBwYWRkaW5nOiAwcHg7IGJvcmRlcjogMHB4OyBmb250LXN0eWxlOiBpbmhlcml0OyBmb250LXZhcmlhbnQ6IGluaGVyaXQ7IGZvbnQtd2VpZ2h0OiA5MDA7IGZvbnQtc3RyZXRjaDogaW5oZXJpdDsgZm9udC1zaXplOiAxLjVlbTsgbGluZS1oZWlnaHQ6IDEuNjU7IGZvbnQtZmFtaWx5OiBSYWxld2F5LCBIZWx2ZXRpY2EsIHNhbnMtc2VyaWY7IHZlcnRpY2FsLWFsaWduOiBiYXNlbGluZTsgY29sb3I6IHJnYig2MCwgNTksIDU5KTsgbGV0dGVyLXNwYWNpbmc6IDAuMjVlbTsgdGV4dC10cmFuc2Zvcm06IHVwcGVyY2FzZTsiPjxhIGhyZWY9Imh0dHBzOi8vaHRtbDV1cC5uZXQvdXBsb2Fkcy9kZW1vcy9mdXR1cmUtaW1wZXJmZWN0LyMiIHN0eWxlPSJtYXJnaW46IDBweDsgcGFkZGluZzogMHB4OyBib3JkZXItd2lkdGg6IDBweDsgYm9yZGVyLXN0eWxlOiBpbml0aWFsOyBib3JkZXItdG9wLWNvbG9yOiBpbml0aWFsOyBib3JkZXItcmlnaHQtY29sb3I6IGluaXRpYWw7IGJvcmRlci1ib3R0b20tY29sb3I6IHRyYW5zcGFyZW50OyBib3JkZXItbGVmdC1jb2xvcjogaW5pdGlhbDsgYm9yZGVyLWltYWdlOiBpbml0aWFsOyBmb250LXN0eWxlOiBpbmhlcml0OyBmb250LXZhcmlhbnQ6IGluaGVyaXQ7IGZvbnQtd2VpZ2h0OiBpbmhlcml0OyBmb250LXN0cmV0Y2g6IGluaGVyaXQ7IGZvbnQtc2l6ZTogaW5oZXJpdDsgbGluZS1oZWlnaHQ6IGluaGVyaXQ7IGZvbnQtZmFtaWx5OiBpbmhlcml0OyB2ZXJ0aWNhbC1hbGlnbjogYmFzZWxpbmU7IHRyYW5zaXRpb246IGNvbG9yIDAuMnMgZWFzZSwgYm9yZGVyLWJvdHRvbS1jb2xvciAwLjJzIGVhc2U7IGNvbG9yOiByZ2IoNDYsIDE4NiwgMTc0KSAhaW1wb3J0YW50OyI+VUxUUklDSUVTIFNFRCBNQUdOQSBFVUlTTU9EIEVOSU0gVklUQUUgR1JBVklEQTwvYT48L2gyPjxwIHN0eWxlPSJtYXJnaW4tdG9wOiAtMWVtOyBtYXJnaW4tYm90dG9tOiAwcHg7IHBhZGRpbmc6IDBweDsgYm9yZGVyOiAwcHg7IGZvbnQtc3R5bGU6IGluaGVyaXQ7IGZvbnQtdmFyaWFudDogaW5oZXJpdDsgZm9udC1zdHJldGNoOiBpbmhlcml0OyBmb250LXNpemU6IDAuN2VtOyBsaW5lLWhlaWdodDogMi41OyBmb250LWZhbWlseTogUmFsZXdheSwgSGVsdmV0aWNhLCBzYW5zLXNlcmlmOyB2ZXJ0aWNhbC1hbGlnbjogYmFzZWxpbmU7IGxldHRlci1zcGFjaW5nOiAwLjI1ZW07IHRleHQtdHJhbnNmb3JtOiB1cHBlcmNhc2U7Ij5MT1JFTSBJUFNVTSBET0xPUiBBTUVUIE5VTExBTSBDT05TRVFVQVQgRVRJQU0gRkVVR0lBPC9wPjwvZGl2PjwvaGVhZGVyPjxwPjxhIGhyZWY9Imh0dHBzOi8vaHRtbDV1cC5uZXQvdXBsb2Fkcy9kZW1vcy9mdXR1cmUtaW1wZXJmZWN0LyMiIGNsYXNzPSJpbWFnZSBmZWF0dXJlZCIgc3R5bGU9Im1hcmdpbjogMHB4IDBweCAzZW07IHBhZGRpbmc6IDBweDsgYm9yZGVyOiAwcHg7IGZvbnQtdmFyaWFudC1udW1lcmljOiBpbmhlcml0OyBmb250LXN0cmV0Y2g6IGluaGVyaXQ7IGZvbnQtc2l6ZTogMTguNjY2N3B4OyBsaW5lLWhlaWdodDogaW5oZXJpdDsgZm9udC1mYW1pbHk6ICZxdW90O1NvdXJjZSBTYW5zIFBybyZxdW90OywgSGVsdmV0aWNhLCBzYW5zLXNlcmlmOyB2ZXJ0aWNhbC1hbGlnbjogYmFzZWxpbmU7IHRyYW5zaXRpb246IGNvbG9yIDAuMnMgZWFzZSwgYm9yZGVyLWJvdHRvbS1jb2xvciAwLjJzIGVhc2U7IGNvbG9yOiBpbmhlcml0OyBkaXNwbGF5OiBibG9jazsgcG9zaXRpb246IHJlbGF0aXZlOyB3aWR0aDogOTMxLjM0NHB4OyBvdmVyZmxvdzogaGlkZGVuOyI+PGltZyBzcmM9Imh0dHBzOi8vaHRtbDV1cC5uZXQvdXBsb2Fkcy9kZW1vcy9mdXR1cmUtaW1wZXJmZWN0L2ltYWdlcy9waWMwMi5qcGciIGFsdD0iIiBzdHlsZT0ibWFyZ2luOiAwcHg7IHBhZGRpbmc6IDBweDsgZm9udC1zdHlsZTogaW5oZXJpdDsgZm9udC12YXJpYW50OiBpbmhlcml0OyBmb250LXdlaWdodDogaW5oZXJpdDsgZm9udC1zdHJldGNoOiBpbmhlcml0OyBmb250LXNpemU6IGluaGVyaXQ7IGxpbmUtaGVpZ2h0OiBpbmhlcml0OyBmb250LWZhbWlseTogaW5oZXJpdDsgdmVydGljYWwtYWxpZ246IGJhc2VsaW5lOyBkaXNwbGF5OiBibG9jazsgd2lkdGg6IDkzMS4zNDRweDsgdHJhbnNpdGlvbjogdHJhbnNmb3JtIDAuMnMgZWFzZS1vdXQ7Ij48L2E+PC9wPjxwIHN0eWxlPSJtYXJnaW4tYm90dG9tOiAyZW07IHBhZGRpbmc6IDBweDsgYm9yZGVyOiAwcHg7IGZvbnQtdmFyaWFudC1udW1lcmljOiBpbmhlcml0OyBmb250LXN0cmV0Y2g6IGluaGVyaXQ7IGZvbnQtc2l6ZTogMTguNjY2N3B4OyBsaW5lLWhlaWdodDogaW5oZXJpdDsgZm9udC1mYW1pbHk6ICZxdW90O1NvdXJjZSBTYW5zIFBybyZxdW90OywgSGVsdmV0aWNhLCBzYW5zLXNlcmlmOyB2ZXJ0aWNhbC1hbGlnbjogYmFzZWxpbmU7IGNvbG9yOiByZ2IoMTAwLCAxMDAsIDEwMCk7Ij5NYXVyaXMgbmVxdWUgcXVhbSwgZmVybWVudHVtIHV0IG5pc2wgdml0YWUsIGNvbnZhbGxpcyBtYXhpbXVzIG5pc2wuIFNlZCBtYXR0aXMgbnVuYyBpZCBsb3JlbSBldWlzbW9kIHBsYWNlcmF0LiBWaXZhbXVzIHBvcnR0aXRvciBtYWduYSBlbmltLCBhYyBhY2N1bXNhbiB0b3J0b3IgY3Vyc3VzIGF0LiBQaGFzZWxsdXMgc2VkIHVsdHJpY2llcyBtaSBub24gY29uZ3VlIHVsbGFtIGNvcnBlci48L3A+', 'user26', 0, 0, 1);
INSERT INTO `tema` (`id`, `titulo`, `contenido`, `autor`, `votos`, `comentarios`, `categoria`) VALUES
(15, 'EUISMOD ET ACCUMSAN  LOREM IPSUM DOLOR AMET NULLAM CONSEQUAT ETIAM FEUGIAT', 'PGhlYWRlciBzdHlsZT0ibWFyZ2luOiAtM2VtIDBweCAzZW07IHBhZGRpbmc6IDBweDsgYm9yZGVyLXdpZHRoOiAwcHggMHB4IDFweDsgYm9yZGVyLXRvcC1zdHlsZTogaW5pdGlhbDsgYm9yZGVyLXJpZ2h0LXN0eWxlOiBpbml0aWFsOyBib3JkZXItYm90dG9tLXN0eWxlOiBzb2xpZDsgYm9yZGVyLWxlZnQtc3R5bGU6IGluaXRpYWw7IGJvcmRlci10b3AtY29sb3I6IGluaXRpYWw7IGJvcmRlci1yaWdodC1jb2xvcjogaW5pdGlhbDsgYm9yZGVyLWJvdHRvbS1jb2xvcjogcmdiYSgxNjAsIDE2MCwgMTYwLCAwLjMpOyBib3JkZXItbGVmdC1jb2xvcjogaW5pdGlhbDsgYm9yZGVyLWltYWdlOiBpbml0aWFsOyBmb250LXZhcmlhbnQtbnVtZXJpYzogaW5oZXJpdDsgZm9udC1zdHJldGNoOiBpbmhlcml0OyBmb250LXNpemU6IDE4LjY2NjdweDsgbGluZS1oZWlnaHQ6IGluaGVyaXQ7IGZvbnQtZmFtaWx5OiAmcXVvdDtTb3VyY2UgU2FucyBQcm8mcXVvdDssIEhlbHZldGljYSwgc2Fucy1zZXJpZjsgdmVydGljYWwtYWxpZ246IGJhc2VsaW5lOyBkaXNwbGF5OiBmbGV4OyBsZWZ0OiAtM2VtOyBwb3NpdGlvbjogcmVsYXRpdmU7IHdpZHRoOiBjYWxjKDEwMCUgKyA2ZW0pOyBjb2xvcjogcmdiKDEwMCwgMTAwLCAxMDApOyI+PGRpdiBjbGFzcz0idGl0bGUiIHN0eWxlPSJtYXJnaW46IDBweDsgcGFkZGluZzogMy43NWVtIDNlbSAzLjNlbTsgYm9yZGVyOiAwcHg7IGZvbnQtc3R5bGU6IGluaGVyaXQ7IGZvbnQtdmFyaWFudDogaW5oZXJpdDsgZm9udC13ZWlnaHQ6IGluaGVyaXQ7IGZvbnQtc3RyZXRjaDogaW5oZXJpdDsgZm9udC1zaXplOiBpbmhlcml0OyBsaW5lLWhlaWdodDogaW5oZXJpdDsgZm9udC1mYW1pbHk6IGluaGVyaXQ7IHZlcnRpY2FsLWFsaWduOiBiYXNlbGluZTsgZmxleC1ncm93OiAxOyI+PGgyIHN0eWxlPSJtYXJnaW46IDBweCAwcHggMWVtOyBwYWRkaW5nOiAwcHg7IGJvcmRlcjogMHB4OyBmb250LXN0eWxlOiBpbmhlcml0OyBmb250LXZhcmlhbnQ6IGluaGVyaXQ7IGZvbnQtd2VpZ2h0OiA5MDA7IGZvbnQtc3RyZXRjaDogaW5oZXJpdDsgZm9udC1zaXplOiAxLjVlbTsgbGluZS1oZWlnaHQ6IDEuNjU7IGZvbnQtZmFtaWx5OiBSYWxld2F5LCBIZWx2ZXRpY2EsIHNhbnMtc2VyaWY7IHZlcnRpY2FsLWFsaWduOiBiYXNlbGluZTsgY29sb3I6IHJnYig2MCwgNTksIDU5KTsgbGV0dGVyLXNwYWNpbmc6IDAuMjVlbTsgdGV4dC10cmFuc2Zvcm06IHVwcGVyY2FzZTsiPjxhIGhyZWY9Imh0dHBzOi8vaHRtbDV1cC5uZXQvdXBsb2Fkcy9kZW1vcy9mdXR1cmUtaW1wZXJmZWN0LyMiIHN0eWxlPSJtYXJnaW46IDBweDsgcGFkZGluZzogMHB4OyBib3JkZXItd2lkdGg6IDBweDsgYm9yZGVyLXN0eWxlOiBpbml0aWFsOyBib3JkZXItdG9wLWNvbG9yOiBpbml0aWFsOyBib3JkZXItcmlnaHQtY29sb3I6IGluaXRpYWw7IGJvcmRlci1ib3R0b20tY29sb3I6IHRyYW5zcGFyZW50OyBib3JkZXItbGVmdC1jb2xvcjogaW5pdGlhbDsgYm9yZGVyLWltYWdlOiBpbml0aWFsOyBmb250LXN0eWxlOiBpbmhlcml0OyBmb250LXZhcmlhbnQ6IGluaGVyaXQ7IGZvbnQtd2VpZ2h0OiBpbmhlcml0OyBmb250LXN0cmV0Y2g6IGluaGVyaXQ7IGZvbnQtc2l6ZTogaW5oZXJpdDsgbGluZS1oZWlnaHQ6IGluaGVyaXQ7IGZvbnQtZmFtaWx5OiBpbmhlcml0OyB2ZXJ0aWNhbC1hbGlnbjogYmFzZWxpbmU7IHRyYW5zaXRpb246IGNvbG9yIDAuMnMgZWFzZSwgYm9yZGVyLWJvdHRvbS1jb2xvciAwLjJzIGVhc2U7IGNvbG9yOiByZ2IoNDYsIDE4NiwgMTc0KSAhaW1wb3J0YW50OyI+RVVJU01PRCBFVCBBQ0NVTVNBTjwvYT48L2gyPjxwIHN0eWxlPSJtYXJnaW4tdG9wOiAtMWVtOyBtYXJnaW4tYm90dG9tOiAwcHg7IHBhZGRpbmc6IDBweDsgYm9yZGVyOiAwcHg7IGZvbnQtc3R5bGU6IGluaGVyaXQ7IGZvbnQtdmFyaWFudDogaW5oZXJpdDsgZm9udC1zdHJldGNoOiBpbmhlcml0OyBmb250LXNpemU6IDAuN2VtOyBsaW5lLWhlaWdodDogMi41OyBmb250LWZhbWlseTogUmFsZXdheSwgSGVsdmV0aWNhLCBzYW5zLXNlcmlmOyB2ZXJ0aWNhbC1hbGlnbjogYmFzZWxpbmU7IGxldHRlci1zcGFjaW5nOiAwLjI1ZW07IHRleHQtdHJhbnNmb3JtOiB1cHBlcmNhc2U7Ij5MT1JFTSBJUFNVTSBET0xPUiBBTUVUIE5VTExBTSBDT05TRVFVQVQgRVRJQU0gRkVVR0lBVDwvcD48L2Rpdj48ZGl2IGNsYXNzPSJtZXRhIiBzdHlsZT0ibWFyZ2luOiAwcHg7IHBhZGRpbmc6IDMuNzVlbSAzZW0gMS43NWVtOyBib3JkZXItd2lkdGg6IDBweCAwcHggMHB4IDFweDsgYm9yZGVyLXRvcC1zdHlsZTogaW5pdGlhbDsgYm9yZGVyLXJpZ2h0LXN0eWxlOiBpbml0aWFsOyBib3JkZXItYm90dG9tLXN0eWxlOiBpbml0aWFsOyBib3JkZXItbGVmdC1zdHlsZTogc29saWQ7IGJvcmRlci10b3AtY29sb3I6IGluaXRpYWw7IGJvcmRlci1yaWdodC1jb2xvcjogaW5pdGlhbDsgYm9yZGVyLWJvdHRvbS1jb2xvcjogaW5pdGlhbDsgYm9yZGVyLWxlZnQtY29sb3I6IHJnYmEoMTYwLCAxNjAsIDE2MCwgMC4zKTsgYm9yZGVyLWltYWdlOiBpbml0aWFsOyBmb250LXN0eWxlOiBpbmhlcml0OyBmb250LXZhcmlhbnQ6IGluaGVyaXQ7IGZvbnQtd2VpZ2h0OiBpbmhlcml0OyBmb250LXN0cmV0Y2g6IGluaGVyaXQ7IGZvbnQtc2l6ZTogaW5oZXJpdDsgbGluZS1oZWlnaHQ6IGluaGVyaXQ7IGZvbnQtZmFtaWx5OiBpbmhlcml0OyB2ZXJ0aWNhbC1hbGlnbjogYmFzZWxpbmU7IG1pbi13aWR0aDogMTdlbTsgdGV4dC1hbGlnbjogcmlnaHQ7IHdpZHRoOiAxN2VtOyI+PHRpbWUgY2xhc3M9InB1Ymxpc2hlZCIgZGF0ZXRpbWU9IjIwMTUtMTAtMjIiIHN0eWxlPSJtYXJnaW46IDAuNWVtIDBweCAxZW07IHBhZGRpbmc6IDBweDsgYm9yZGVyOiAwcHg7IGZvbnQtc3R5bGU6IGluaGVyaXQ7IGZvbnQtdmFyaWFudDogaW5oZXJpdDsgZm9udC13ZWlnaHQ6IDgwMDsgZm9udC1zdHJldGNoOiBpbmhlcml0OyBmb250LXNpemU6IDAuN2VtOyBsaW5lLWhlaWdodDogaW5oZXJpdDsgZm9udC1mYW1pbHk6IFJhbGV3YXksIEhlbHZldGljYSwgc2Fucy1zZXJpZjsgdmVydGljYWwtYWxpZ246IGJhc2VsaW5lOyBjb2xvcjogcmdiKDYwLCA1OSwgNTkpOyBkaXNwbGF5OiBibG9jazsgbGV0dGVyLXNwYWNpbmc6IDAuMjVlbTsgdGV4dC10cmFuc2Zvcm06IHVwcGVyY2FzZTsgd2hpdGUtc3BhY2U6IG5vd3JhcDsiPk9DVE9CRVIgMjIsIDIwMTU8L3RpbWU+PGEgaHJlZj0iaHR0cHM6Ly9odG1sNXVwLm5ldC91cGxvYWRzL2RlbW9zL2Z1dHVyZS1pbXBlcmZlY3QvIyIgY2xhc3M9ImF1dGhvciIgc3R5bGU9Im1hcmdpbjogMHB4OyBwYWRkaW5nOiAwcHg7IGJvcmRlcjogMHB4OyBmb250LXN0eWxlOiBpbmhlcml0OyBmb250LXZhcmlhbnQ6IGluaGVyaXQ7IGZvbnQtc3RyZXRjaDogaW5oZXJpdDsgZm9udC1zaXplOiAwLjZlbTsgbGluZS1oZWlnaHQ6IGluaGVyaXQ7IGZvbnQtZmFtaWx5OiBSYWxld2F5LCBIZWx2ZXRpY2EsIHNhbnMtc2VyaWY7IHZlcnRpY2FsLWFsaWduOiBiYXNlbGluZTsgdHJhbnNpdGlvbjogY29sb3IgMC4ycyBlYXNlLCBib3JkZXItYm90dG9tLWNvbG9yIDAuMnMgZWFzZTsgY29sb3I6IGluaGVyaXQ7IGRpc3BsYXk6IGZsZXg7IGZsZXgtZGlyZWN0aW9uOiByb3c7IGFsaWduLWl0ZW1zOiBjZW50ZXI7IGp1c3RpZnktY29udGVudDogZmxleC1lbmQ7IGxldHRlci1zcGFjaW5nOiAwLjI1ZW07IHRleHQtdHJhbnNmb3JtOiB1cHBlcmNhc2U7IHdoaXRlLXNwYWNlOiBub3dyYXA7Ij48c3BhbiBjbGFzcz0ibmFtZSIgc3R5bGU9Im1hcmdpbjogMHB4IDEuNWVtIDBweCAwcHg7IHBhZGRpbmc6IDBweDsgYm9yZGVyLXdpZHRoOiAwcHggMHB4IDFweDsgYm9yZGVyLXRvcC1zdHlsZTogaW5pdGlhbDsgYm9yZGVyLXJpZ2h0LXN0eWxlOiBpbml0aWFsOyBib3JkZXItYm90dG9tLXN0eWxlOiBkb3R0ZWQ7IGJvcmRlci1sZWZ0LXN0eWxlOiBpbml0aWFsOyBib3JkZXItdG9wLWNvbG9yOiBpbml0aWFsOyBib3JkZXItcmlnaHQtY29sb3I6IGluaXRpYWw7IGJvcmRlci1ib3R0b20tY29sb3I6IHJnYmEoMTYwLCAxNjAsIDE2MCwgMC42NSk7IGJvcmRlci1sZWZ0LWNvbG9yOiBpbml0aWFsOyBib3JkZXItaW1hZ2U6IGluaXRpYWw7IGZvbnQtc3R5bGU6IGluaGVyaXQ7IGZvbnQtdmFyaWFudDogaW5oZXJpdDsgZm9udC13ZWlnaHQ6IGluaGVyaXQ7IGZvbnQtc3RyZXRjaDogaW5oZXJpdDsgZm9udC1zaXplOiBpbmhlcml0OyBsaW5lLWhlaWdodDogaW5oZXJpdDsgZm9udC1mYW1pbHk6IGluaGVyaXQ7IHZlcnRpY2FsLWFsaWduOiBiYXNlbGluZTsgdHJhbnNpdGlvbjogYm9yZGVyLWJvdHRvbS1jb2xvciAwLjJzIGVhc2U7IGRpc3BsYXk6IGJsb2NrOyI+SkFORSBET0U8L3NwYW4+PGltZyBzcmM9Imh0dHBzOi8vaHRtbDV1cC5uZXQvdXBsb2Fkcy9kZW1vcy9mdXR1cmUtaW1wZXJmZWN0L2ltYWdlcy9hdmF0YXIuanBnIiBhbHQ9IiIgc3R5bGU9Im1hcmdpbjogMHB4OyBwYWRkaW5nOiAwcHg7IGZvbnQtc3R5bGU6IGluaGVyaXQ7IGZvbnQtdmFyaWFudDogaW5oZXJpdDsgZm9udC13ZWlnaHQ6IGluaGVyaXQ7IGZvbnQtc3RyZXRjaDogaW5oZXJpdDsgZm9udC1zaXplOiBpbmhlcml0OyBsaW5lLWhlaWdodDogaW5oZXJpdDsgZm9udC1mYW1pbHk6IGluaGVyaXQ7IHZlcnRpY2FsLWFsaWduOiBiYXNlbGluZTsgYm9yZGVyLXJhZGl1czogMTAwJTsgZGlzcGxheTogYmxvY2s7IHdpZHRoOiA0ZW07Ij48L2E+PC9kaXY+PC9oZWFkZXI+PHA+PGEgaHJlZj0iaHR0cHM6Ly9odG1sNXVwLm5ldC91cGxvYWRzL2RlbW9zL2Z1dHVyZS1pbXBlcmZlY3QvIyIgY2xhc3M9ImltYWdlIGZlYXR1cmVkIiBzdHlsZT0ibWFyZ2luOiAwcHggMHB4IDNlbTsgcGFkZGluZzogMHB4OyBib3JkZXI6IDBweDsgZm9udC12YXJpYW50LW51bWVyaWM6IGluaGVyaXQ7IGZvbnQtc3RyZXRjaDogaW5oZXJpdDsgZm9udC1zaXplOiAxOC42NjY3cHg7IGxpbmUtaGVpZ2h0OiBpbmhlcml0OyBmb250LWZhbWlseTogJnF1b3Q7U291cmNlIFNhbnMgUHJvJnF1b3Q7LCBIZWx2ZXRpY2EsIHNhbnMtc2VyaWY7IHZlcnRpY2FsLWFsaWduOiBiYXNlbGluZTsgdHJhbnNpdGlvbjogY29sb3IgMC4ycyBlYXNlLCBib3JkZXItYm90dG9tLWNvbG9yIDAuMnMgZWFzZTsgY29sb3I6IGluaGVyaXQ7IGRpc3BsYXk6IGJsb2NrOyBwb3NpdGlvbjogcmVsYXRpdmU7IHdpZHRoOiA5MzEuMzQ0cHg7IG92ZXJmbG93OiBoaWRkZW47Ij48aW1nIHNyYz0iaHR0cHM6Ly9odG1sNXVwLm5ldC91cGxvYWRzL2RlbW9zL2Z1dHVyZS1pbXBlcmZlY3QvaW1hZ2VzL3BpYzAzLmpwZyIgYWx0PSIiIHN0eWxlPSJtYXJnaW46IDBweDsgcGFkZGluZzogMHB4OyBmb250LXN0eWxlOiBpbmhlcml0OyBmb250LXZhcmlhbnQ6IGluaGVyaXQ7IGZvbnQtd2VpZ2h0OiBpbmhlcml0OyBmb250LXN0cmV0Y2g6IGluaGVyaXQ7IGZvbnQtc2l6ZTogaW5oZXJpdDsgbGluZS1oZWlnaHQ6IGluaGVyaXQ7IGZvbnQtZmFtaWx5OiBpbmhlcml0OyB2ZXJ0aWNhbC1hbGlnbjogYmFzZWxpbmU7IGRpc3BsYXk6IGJsb2NrOyB3aWR0aDogOTMxLjM0NHB4OyB0cmFuc2l0aW9uOiB0cmFuc2Zvcm0gMC4ycyBlYXNlLW91dDsiPjwvYT48L3A+PHAgc3R5bGU9Im1hcmdpbi1ib3R0b206IDJlbTsgcGFkZGluZzogMHB4OyBib3JkZXI6IDBweDsgZm9udC12YXJpYW50LW51bWVyaWM6IGluaGVyaXQ7IGZvbnQtc3RyZXRjaDogaW5oZXJpdDsgZm9udC1zaXplOiAxOC42NjY3cHg7IGxpbmUtaGVpZ2h0OiBpbmhlcml0OyBmb250LWZhbWlseTogJnF1b3Q7U291cmNlIFNhbnMgUHJvJnF1b3Q7LCBIZWx2ZXRpY2EsIHNhbnMtc2VyaWY7IHZlcnRpY2FsLWFsaWduOiBiYXNlbGluZTsgY29sb3I6IHJnYigxMDAsIDEwMCwgMTAwKTsiPk1hdXJpcyBuZXF1ZSBxdWFtLCBmZXJtZW50dW0gdXQgbmlzbCB2aXRhZSwgY29udmFsbGlzIG1heGltdXMgbmlzbC4gU2VkIG1hdHRpcyBudW5jIGlkIGxvcmVtIGV1aXNtb2QgcGxhY2VyYXQuIFZpdmFtdXMgcG9ydHRpdG9yIG1hZ25hIGVuaW0sIGFjIGFjY3Vtc2FuIHRvcnRvciBjdXJzdXMgYXQuIFBoYXNlbGx1cyBzZWQgdWx0cmljaWVzIG1pIG5vbiBjb25ndWUgdWxsYW0gY29ycGVyLiBQcmFlc2VudCB0aW5jaWR1bnQgc2VkIHRlbGx1cyB1dCBydXRydW0uIFNlZCB2aXRhZSBqdXN0byBjb25kaW1lbnR1bSwgcG9ydGEgbGVjdHVzIHZpdGFlLCB1bHRyaWNpZXMgY29uZ3VlIGdyYXZpZGEgZGlhbSBub24gZnJpbmdpbGxhLiBDcmFzIHZlaGljdWxhIHRlbGx1cyBldSBsaWd1bGEgdml2ZXJyYSwgYWMgZnJpbmdpbGxhIHR1cnBpcyBzdXNjaXBpdC4gUXVpc3F1ZSB2ZXN0aWJ1bHVtIHJob25jdXMgbGlndWxhLjwvcD4=', 'user46', 0, 0, 1),
(16, 'Vitae Phasellus', 'PGgyIGNsYXNzPSJtYWpvciIgc3R5bGU9Im1hcmdpbjogMHB4IDBweCAxZW07IHBhZGRpbmc6IDBweCAwcHggMWVtOyBib3JkZXItd2lkdGg6IDBweCAwcHggMnB4OyBib3JkZXItdG9wLXN0eWxlOiBpbml0aWFsOyBib3JkZXItcmlnaHQtc3R5bGU6IGluaXRpYWw7IGJvcmRlci1ib3R0b20tc3R5bGU6IHNvbGlkOyBib3JkZXItbGVmdC1zdHlsZTogaW5pdGlhbDsgYm9yZGVyLXRvcC1jb2xvcjogaW5pdGlhbDsgYm9yZGVyLXJpZ2h0LWNvbG9yOiBpbml0aWFsOyBib3JkZXItYm90dG9tLWNvbG9yOiByZ2JhKDI1NSwgMjU1LCAyNTUsIDAuMTI1KTsgYm9yZGVyLWxlZnQtY29sb3I6IGluaXRpYWw7IGJvcmRlci1pbWFnZTogaW5pdGlhbDsgZm9udC12YXJpYW50LW51bWVyaWM6IGluaGVyaXQ7IGZvbnQtd2VpZ2h0OiA3MDA7IGZvbnQtc3RyZXRjaDogaW5oZXJpdDsgZm9udC1zaXplOiAxLjJlbTsgbGluZS1oZWlnaHQ6IGluaGVyaXQ7IHZlcnRpY2FsLWFsaWduOiBiYXNlbGluZTsgbGV0dGVyLXNwYWNpbmc6IDAuMWVtOyB0ZXh0LXRyYW5zZm9ybTogdXBwZXJjYXNlOyI+PHNwYW4gc3R5bGU9ImJhY2tncm91bmQtY29sb3I6IHJnYigyNTUsIDI1NSwgMjU1KTsiPjxmb250IGZhY2U9IkNvbWljIFNhbnMgTVMiPlZJVEFFIFBIQVNFTExVUzwvZm9udD48L3NwYW4+PC9oMj48cCBzdHlsZT0ibWFyZ2luLWJvdHRvbTogMmVtOyBwYWRkaW5nOiAwcHg7IGJvcmRlcjogMHB4OyBmb250LXZhcmlhbnQtbnVtZXJpYzogaW5oZXJpdDsgZm9udC1zdHJldGNoOiBpbmhlcml0OyBmb250LXNpemU6IDIycHg7IGxpbmUtaGVpZ2h0OiBpbmhlcml0OyB2ZXJ0aWNhbC1hbGlnbjogYmFzZWxpbmU7Ij48c3BhbiBzdHlsZT0iYmFja2dyb3VuZC1jb2xvcjogcmdiKDI1NSwgMjU1LCAyNTUpOyI+PGZvbnQgZmFjZT0iQ29taWMgU2FucyBNUyI+PGk+Q3JhcyBtYXR0aXMgYW50ZSBmZXJtZW50dW0sIG1hbGVzdWFkYSBuZXF1ZSB2aXRhZSwgZWxlaWZlbmQgZXJhdC4gUGhhc2VsbHVzIG5vbiBwdWx2aW5hciBlcmF0LiBGdXNjZSB0aW5jaWR1bnQsIG5pc2wgZWdldCBtYXR0aXMgZWdlc3RhcywgcHVydXMgaXBzdW0gY29uc2VxdWF0IG9yY2ksIHNpdCBhbWV0IGxvYm9ydGlzIGxvcmVtIGxhY3VzIGluIHRlbGx1cy4gPHN0cmlrZT5TZWQgYWMgZWxlbWVudHVtIGFyY3UuIFF1aXNxdWUgcGxhY2VyYXQgYXVjdG9yIGxhb3JlZXQuPC9zdHJpa2U+PC9pPjwvZm9udD48L3NwYW4+PC9wPg==', 'lluismat', 0, 0, 1),
(17, 'Quisque placerat auctor laoreet', 'PHA+PHNwYW4gc3R5bGU9ImZvbnQtZmFtaWx5OiAmcXVvdDtTb3VyY2UgU2FucyBQcm8mcXVvdDssIEhlbHZldGljYSwgc2Fucy1zZXJpZjsgZm9udC1zaXplOiAyMnB4OyBiYWNrZ3JvdW5kLWNvbG9yOiByZ2IoMjU1LCAyNTUsIDI1NSk7Ij5DcmFzIG1hdHRpcyBhbnRlIGZlcm1lbnR1bSwgbWFsZXN1YWRhIG5lcXVlIHZpdGFlLCBlbGVpZmVuZCBlcmF0Ljwvc3Bhbj48c3BhbiBzdHlsZT0iY29sb3I6IHJnYigyNTUsIDI1NSwgMjU1KTsgZm9udC1mYW1pbHk6ICZxdW90O1NvdXJjZSBTYW5zIFBybyZxdW90OywgSGVsdmV0aWNhLCBzYW5zLXNlcmlmOyBmb250LXNpemU6IDIycHg7IGJhY2tncm91bmQtY29sb3I6IHJnYig0NiwgNDksIDY1KTsiPiBQaGFzZWxsdXMgbm9uIHB1bHZpbmFyIGVyYXQuIEZ1c2NlIHRpbmNpZHVudCwgbmlzbCBlZ2V0IG1hdHRpcyBlZ2VzdGFzLCBwdXJ1cyBpcHN1bSBjb25zZXF1YXQgb3JjaSwgc2l0IGFtZXQgbG9ib3J0aXMgbG9yZW0gbGFjdXMgaW4gdGVsbHVzLiBTZWQgYWMgZWxlbWVudHVtIGFyY3UuIDwvc3Bhbj48c3BhbiBzdHlsZT0iZm9udC1mYW1pbHk6ICZxdW90O1NvdXJjZSBTYW5zIFBybyZxdW90OywgSGVsdmV0aWNhLCBzYW5zLXNlcmlmOyBmb250LXNpemU6IDIycHg7IGJhY2tncm91bmQtY29sb3I6IHJnYigyNTUsIDI1NSwgMjU1KTsiPlF1aXNxdWUgcGxhY2VyYXQgYXVjdG9yIGxhb3JlZXQuPC9zcGFuPjxicj48L3A+', 'lluismat', 0, 0, 1),
(18, 'Interdum felis blandit praesent sed augue', 'PGgyIHN0eWxlPSJib3gtc2l6aW5nOiBib3JkZXItYm94OyBtYXJnaW46IDBweCAwcHggMWVtOyBwYWRkaW5nOiAwcHg7IGJvcmRlcjogMHB4OyBmb250LXN0eWxlOiBpbmhlcml0OyBmb250LXZhcmlhbnQ6IGluaGVyaXQ7IGZvbnQtd2VpZ2h0OiAzMDA7IGZvbnQtc3RyZXRjaDogaW5oZXJpdDsgZm9udC1zaXplOiAyZW07IGxpbmUtaGVpZ2h0OiAxLjVlbTsgZm9udC1mYW1pbHk6IGluaGVyaXQ7IHZlcnRpY2FsLWFsaWduOiBiYXNlbGluZTsgbGV0dGVyLXNwYWNpbmc6IC0wLjAyNWVtOyI+PHNwYW4gc3R5bGU9ImJhY2tncm91bmQtY29sb3I6IHJnYigyNTUsIDI1NSwgMjU1KTsiPkludGVyZHVtIGZlbGlzIGJsYW5kaXQgcHJhZXNlbnQgc2VkIGF1Z3VlPC9zcGFuPjwvaDI+PGgyIHN0eWxlPSJtYXJnaW46IDBweCAwcHggMWVtOyBwYWRkaW5nOiAwcHg7IGJvcmRlcjogMHB4OyBmb250LXZhcmlhbnQtbnVtZXJpYzogaW5oZXJpdDsgZm9udC1zdHJldGNoOiBpbmhlcml0OyBmb250LXNpemU6IDJlbTsgbGluZS1oZWlnaHQ6IDEuNWVtOyBmb250LWZhbWlseTogUm9ib3RvLCBIZWx2ZXRpY2EsIHNhbnMtc2VyaWY7IHZlcnRpY2FsLWFsaWduOiBiYXNlbGluZTsgbGV0dGVyLXNwYWNpbmc6IC0wLjAyNWVtOyI+PGhlYWRlciBzdHlsZT0ibWFyZ2luOiAwcHg7IHBhZGRpbmc6IDBweDsgYm9yZGVyOiAwcHg7IGZvbnQtdmFyaWFudC1udW1lcmljOiBpbmhlcml0OyBmb250LXN0cmV0Y2g6IGluaGVyaXQ7IGZvbnQtc2l6ZTogMjBweDsgbGluZS1oZWlnaHQ6IGluaGVyaXQ7IHZlcnRpY2FsLWFsaWduOiBiYXNlbGluZTsgbGV0dGVyLXNwYWNpbmc6IG5vcm1hbDsiPjxwIHN0eWxlPSJtYXJnaW4tdG9wOiAtMWVtOyBtYXJnaW4tYm90dG9tOiAxLjVlbTsgcGFkZGluZzogMHB4OyBib3JkZXI6IDBweDsgZm9udC1zdHlsZTogaW5oZXJpdDsgZm9udC12YXJpYW50OiBpbmhlcml0OyBmb250LXdlaWdodDogaW5oZXJpdDsgZm9udC1zdHJldGNoOiBpbmhlcml0OyBmb250LXNpemU6IDEuMjVlbTsgbGluZS1oZWlnaHQ6IDEuNzVlbTsgZm9udC1mYW1pbHk6IGluaGVyaXQ7IHZlcnRpY2FsLWFsaWduOiBiYXNlbGluZTsgcG9zaXRpb246IHJlbGF0aXZlOyI+PHNwYW4gc3R5bGU9ImJhY2tncm91bmQtY29sb3I6IHJnYigyNTUsIDI1NSwgMjU1KTsiPkFjY3Vtc2FuIGludGVnZXIgdWx0cmljaWVzIGFsaXF1YW0gdmVsIG1hc3NhIHNhcGllbiBwaGFzZWxsdXM8L3NwYW4+PC9wPjwvaGVhZGVyPjxwIHN0eWxlPSJtYXJnaW4tYm90dG9tOiAyZW07IHBhZGRpbmc6IDBweDsgYm9yZGVyOiAwcHg7IGZvbnQtdmFyaWFudC1udW1lcmljOiBpbmhlcml0OyBmb250LXN0cmV0Y2g6IGluaGVyaXQ7IGZvbnQtc2l6ZTogMjBweDsgbGluZS1oZWlnaHQ6IGluaGVyaXQ7IHZlcnRpY2FsLWFsaWduOiBiYXNlbGluZTsgbGV0dGVyLXNwYWNpbmc6IG5vcm1hbDsiPjxzcGFuIHN0eWxlPSJiYWNrZ3JvdW5kLWNvbG9yOiByZ2IoMjU1LCAyNTUsIDI1NSk7Ij5GZXVnaWF0IGFjY3Vtc2FuIGxvcmVtIGV1IGFjIGxvcmVtIGFtZXQgYWMgYXJjdSBwaGFzZWxsdXMgdG9ydG9yIGVuaW0gbWkgbWkgbmlzaSBwcmFlc2VudCBhZGlwaXNjaW5nLiBJbnRlZ2VyIG1pIHNlZCBuYXNjZXR1ciBjZXAgYWxpcXVldCBhdWd1ZSB2YXJpdXMgdGVtcHVzIGxvYm9ydGlzIHBvcnR0aXRvciBsb3JlbSBldCBhY2N1bXNhbiBjb25zZXF1YXQgYWRpcGlzY2luZyBsb3JlbS48L3NwYW4+PC9wPjwvaDI+', 'admin', 0, 0, 1),
(19, 'Who I am', 'PGhlYWRlciBjbGFzcz0ibWFqb3IiIHN0eWxlPSJtYXJnaW46IDBweDsgcGFkZGluZzogMHB4OyBib3JkZXItd2lkdGg6IDBweDsgYm9yZGVyLXN0eWxlOiBpbml0aWFsOyBib3JkZXItY29sb3I6IGluaXRpYWw7IGZvbnQtdmFyaWFudC1udW1lcmljOiBpbmhlcml0OyBmb250LXN0cmV0Y2g6IGluaGVyaXQ7IGZvbnQtc2l6ZTogMjBweDsgbGluZS1oZWlnaHQ6IGluaGVyaXQ7IGZvbnQtZmFtaWx5OiBSYWxld2F5LCBIZWx2ZXRpY2EsIHNhbnMtc2VyaWY7IHZlcnRpY2FsLWFsaWduOiBiYXNlbGluZTsgdGV4dC1hbGlnbjogY2VudGVyOyBjb2xvcjogcmdiKDExMSwgMTE3LCAxMTkpOyBiYWNrZ3JvdW5kLWNvbG9yOiByZ2JhKDI1NSwgMjU1LCAyNTUsIDAuOTUpOyI+PGgyIHN0eWxlPSJtYXJnaW46IDBweCAwcHggMWVtOyBwYWRkaW5nOiAwcHg7IGJvcmRlcjogMHB4OyBmb250LXN0eWxlOiBpbmhlcml0OyBmb250LXZhcmlhbnQ6IGluaGVyaXQ7IGZvbnQtd2VpZ2h0OiA4MDA7IGZvbnQtc3RyZXRjaDogaW5oZXJpdDsgZm9udC1zaXplOiAxLjc1ZW07IGxpbmUtaGVpZ2h0OiAxLjVlbTsgZm9udC1mYW1pbHk6IGluaGVyaXQ7IHZlcnRpY2FsLWFsaWduOiBiYXNlbGluZTsgY29sb3I6IHJnYig5NywgMTA0LCAxMDcpOyBsZXR0ZXItc3BhY2luZzogMC4wNzVlbTsgdGV4dC10cmFuc2Zvcm06IHVwcGVyY2FzZTsgcG9zaXRpb246IHJlbGF0aXZlOyI+V0hPIEkgQU08L2gyPjwvaGVhZGVyPjxwIHN0eWxlPSJtYXJnaW4tYm90dG9tOiAyZW07IHBhZGRpbmc6IDBweDsgYm9yZGVyOiAwcHg7IGZvbnQtdmFyaWFudC1udW1lcmljOiBpbmhlcml0OyBmb250LXN0cmV0Y2g6IGluaGVyaXQ7IGZvbnQtc2l6ZTogMjBweDsgbGluZS1oZWlnaHQ6IGluaGVyaXQ7IGZvbnQtZmFtaWx5OiBSYWxld2F5LCBIZWx2ZXRpY2EsIHNhbnMtc2VyaWY7IHZlcnRpY2FsLWFsaWduOiBiYXNlbGluZTsgY29sb3I6IHJnYigxMTEsIDExNywgMTE5KTsgdGV4dC1hbGlnbjogY2VudGVyOyBiYWNrZ3JvdW5kLWNvbG9yOiByZ2JhKDI1NSwgMjU1LCAyNTUsIDAuOTUpOyI+QWxpcXVhbSBhbnRlIGFjIGlkLiBBZGlwaXNjaW5nIGludGVyZHVtIGxvcmVtIHByYWVzZW50IGZ1c2NlIHBlbGxlbnRlc3F1ZSBhcmN1IGZldWdpYXQuIENvbnNlcXVhdCBzZWQgdWx0cmljaWVzIHJ1dHJ1bS4gU2VkIGFkaXBpc2NpbmcgZXUgYW1ldCBpbnRlcmR1bSBsb3JlbSBibGFuZGl0IHZpcyBhYyBjb21tb2RvIGFsaXF1ZXQgaW50ZWdlciB2dWxwdXRhdGUgcGhhc2VsbHVzIGxvcmVtIGlwc3VtIGRvbG9yIGxvcmVtIG1hZ25hIGNvbnNlcXVhdCBzZWQgZXRpYW0gYWRpcGlzY2luZyBpbnRlcmR1bS48L3A+PGhyPjxwIHN0eWxlPSJtYXJnaW4tYm90dG9tOiAyZW07IHBhZGRpbmc6IDBweDsgYm9yZGVyOiAwcHg7IGZvbnQtdmFyaWFudC1udW1lcmljOiBpbmhlcml0OyBmb250LXN0cmV0Y2g6IGluaGVyaXQ7IGZvbnQtc2l6ZTogMjBweDsgbGluZS1oZWlnaHQ6IGluaGVyaXQ7IGZvbnQtZmFtaWx5OiBSYWxld2F5LCBIZWx2ZXRpY2EsIHNhbnMtc2VyaWY7IHZlcnRpY2FsLWFsaWduOiBiYXNlbGluZTsgY29sb3I6IHJnYigxMTEsIDExNywgMTE5KTsgdGV4dC1hbGlnbjogY2VudGVyOyBiYWNrZ3JvdW5kLWNvbG9yOiByZ2JhKDI1NSwgMjU1LCAyNTUsIDAuOTUpOyI+PGJyPjwvcD4=', 'lluismat', 0, 0, 1),
(20, 'Diam vivamus turpis lorem sodales lectus ornare', 'PGRpdiBjbGFzcz0iNHUgMTJ1KG5hcnJvdykiIHN0eWxlPSJtYXJnaW46IDBweDsgcGFkZGluZzogNTBweCAwcHggMHB4IDUwcHg7IGJvcmRlcjogMHB4OyBmb250LXZhcmlhbnQtbnVtZXJpYzogaW5oZXJpdDsgZm9udC1zdHJldGNoOiBpbmhlcml0OyBmb250LXNpemU6IDIyLjY2NjdweDsgbGluZS1oZWlnaHQ6IGluaGVyaXQ7IGZvbnQtZmFtaWx5OiBSb2JvdG8sIHNhbnMtc2VyaWY7IHZlcnRpY2FsLWFsaWduOiBiYXNlbGluZTsgZmxvYXQ6IGxlZnQ7IHdpZHRoOiA0NzBweDsgY2xlYXI6IG5vbmU7IC13ZWJraXQtdGV4dC1zdHJva2Utd2lkdGg6IDAuMXB4OyI+PGgzIHN0eWxlPSJtYXJnaW46IDBweCAwcHggMWVtOyBwYWRkaW5nOiAwcHg7IGJvcmRlcjogMHB4OyBmb250LXN0eWxlOiBpbmhlcml0OyBmb250LXZhcmlhbnQ6IGluaGVyaXQ7IGZvbnQtc3RyZXRjaDogaW5oZXJpdDsgZm9udC1zaXplOiAxLjVlbTsgbGluZS1oZWlnaHQ6IDEuNWVtOyBmb250LWZhbWlseTogaW5oZXJpdDsgdmVydGljYWwtYWxpZ246IGJhc2VsaW5lOyI+PHNwYW4gc3R5bGU9ImJhY2tncm91bmQtY29sb3I6IHJnYigyNTUsIDI1NSwgMjU1KTsiPkRpYW0gdml2YW11cyB0dXJwaXMgbG9yZW0gc29kYWxlcyBsZWN0dXMgb3JuYXJlPC9zcGFuPjwvaDM+PHAgc3R5bGU9Im1hcmdpbi1ib3R0b206IDFlbTsgcGFkZGluZzogMHB4OyBib3JkZXI6IDBweDsgZm9udC1zdHlsZTogaW5oZXJpdDsgZm9udC12YXJpYW50OiBpbmhlcml0OyBmb250LXdlaWdodDogaW5oZXJpdDsgZm9udC1zdHJldGNoOiBpbmhlcml0OyBmb250LXNpemU6IGluaGVyaXQ7IGxpbmUtaGVpZ2h0OiBpbmhlcml0OyBmb250LWZhbWlseTogaW5oZXJpdDsgdmVydGljYWwtYWxpZ246IGJhc2VsaW5lOyB0ZXh0LWFsaWduOiBqdXN0aWZ5OyI+PHNwYW4gc3R5bGU9ImJhY2tncm91bmQtY29sb3I6IHJnYigyNTUsIDI1NSwgMjU1KTsiPkdyYXZpZGEgZGlzIHBsYWNlcmF0IGxlY3R1cyBhbnRlIHZlbCBudW5jIGV1aXNtb2QgZXN0IHR1cnBpcyBzb2RhbGVzLiBEaWFtIHRlbXBvciBkdWkgbGFjaW5pYSBlZ2V0IG9ybmFyZSB2YXJpdXMgZ3JhdmlkYS4gR3JhdmlkYSBkaXMgcGxhY2VyYXQgbGVjdHVzIGFudGUgdmVsIG51bmMgZXVpc21vZCBlc3QgdHVycGlzIHNvZGFsZXMuIERpYW0gdGVtcG9yIGR1aSBsYWNpbmlhIGFjY3Vtc2FuIHZpdmFtdXMgYXVndWUgY3ViaWxpYSB2aXZhbXVzIG5pc2kgZXUgZWdldCBvcm5hcmUgdmFyaXVzIGdyYXZpZGEgZXVpc21vZC4gR3JhdmlkYSBkaXMgbG9yZW0gaXBzdW0gZG9sb3IgcGxhY2VyYXQgbWFnbmEgdGVtcHVzIGZldWdpYXQuPC9zcGFuPjwvcD48cCBzdHlsZT0ibWFyZ2luLWJvdHRvbTogMWVtOyBwYWRkaW5nOiAwcHg7IGJvcmRlcjogMHB4OyBmb250LXN0eWxlOiBpbmhlcml0OyBmb250LXZhcmlhbnQ6IGluaGVyaXQ7IGZvbnQtd2VpZ2h0OiBpbmhlcml0OyBmb250LXN0cmV0Y2g6IGluaGVyaXQ7IGZvbnQtc2l6ZTogaW5oZXJpdDsgbGluZS1oZWlnaHQ6IGluaGVyaXQ7IGZvbnQtZmFtaWx5OiBpbmhlcml0OyB2ZXJ0aWNhbC1hbGlnbjogYmFzZWxpbmU7IHRleHQtYWxpZ246IGp1c3RpZnk7Ij48c3BhbiBzdHlsZT0iYmFja2dyb3VuZC1jb2xvcjogcmdiKDI1NSwgMjU1LCAyNTUpOyI+TGVjdHVzIGFudGUgdmVsIG51bmMgZXVpc21vZCBlc3QgdHVycGlzIHNvZGFsZXMuIERpYW0gdGVtcG9yIGR1aSBsYWNpbmlhIGFjY3Vtc2FuIHZpdmFtdXMgYXVndWUgY3ViaWxpYSB2aXZhbXVzIG5pc2kgZXUgZWdldCBvcm5hcmUgdmFyaXVzIGdyYXZpZGEgZG9sb3JlIGV1aXNtb2QgbG9yZW0gaXBzdW0gZG9sb3Igc2l0IGFtZXQgY29uc2VxdWF0LiB2aXZhbXVzIG5pc2kgZXUgZWdldCBvcm5hcmUgdmFyaXVzIGdyYXZpZGEgZG9sb3JlIGV1aXNtb2QgbG9yZW0gaXBzdW0gZG9sb3Igc2l0IGFtZXQgY29uc2VxdWF0LiB2aXZhbXVzIG5pc2kgZXUgZWdldCBvcm5hcmUgZXQgbWFnbmEuPC9zcGFuPjwvcD48L2Rpdj48ZGl2IGNsYXNzPSI0dSAxMnUobmFycm93KSIgc3R5bGU9Im1hcmdpbjogMHB4OyBwYWRkaW5nOiA1MHB4IDBweCAwcHggNTBweDsgYm9yZGVyOiAwcHg7IGZvbnQtdmFyaWFudC1udW1lcmljOiBpbmhlcml0OyBmb250LXN0cmV0Y2g6IGluaGVyaXQ7IGZvbnQtc2l6ZTogMjIuNjY2N3B4OyBsaW5lLWhlaWdodDogaW5oZXJpdDsgZm9udC1mYW1pbHk6IFJvYm90bywgc2Fucy1zZXJpZjsgdmVydGljYWwtYWxpZ246IGJhc2VsaW5lOyBmbG9hdDogbGVmdDsgd2lkdGg6IDQ3MHB4OyBjbGVhcjogbm9uZTsgLXdlYmtpdC10ZXh0LXN0cm9rZS13aWR0aDogMC4xcHg7Ij48cCBzdHlsZT0ibWFyZ2luLWJvdHRvbTogMWVtOyBwYWRkaW5nOiAwcHg7IGJvcmRlcjogMHB4OyBmb250LXN0eWxlOiBpbmhlcml0OyBmb250LXZhcmlhbnQ6IGluaGVyaXQ7IGZvbnQtd2VpZ2h0OiBpbmhlcml0OyBmb250LXN0cmV0Y2g6IGluaGVyaXQ7IGZvbnQtc2l6ZTogaW5oZXJpdDsgbGluZS1oZWlnaHQ6IGluaGVyaXQ7IGZvbnQtZmFtaWx5OiBpbmhlcml0OyB2ZXJ0aWNhbC1hbGlnbjogYmFzZWxpbmU7IHRleHQtYWxpZ246IGp1c3RpZnk7Ij48c3BhbiBzdHlsZT0iYmFja2dyb3VuZC1jb2xvcjogcmdiKDI1NSwgMjU1LCAyNTUpOyI+R3JhdmlkYSBkaXMgcGxhY2VyYXQgbGVjdHVzIGFudGUgdmVsIG51bmMgZXVpc21vZCBlc3QgdHVycGlzIHNvZGFsZXMuIERpYW0gdGVtcG9yIGR1aSBsYWNpbmlhIGVnZXQgb3JuYXJlIHZhcml1cyBncmF2aWRhLiBHcmF2aWRhIGRpcyBwbGFjZXJhdCBsZWN0dXMgYW50ZSB2ZWwgbnVuYyBldWlzbW9kIGVzdCB0dXJwaXMgc29kYWxlcy4gRGlhbSB0ZW1wb3IgZHVpIGxhY2luaWEgYWNjdW1zYW4gdml2YW11cyBhdWd1ZSBjdWJpbGlhIHZpdmFtdXMgbmlzaSBldSBlZ2V0IG9ybmFyZSB2YXJpdXMgZ3JhdmlkYSBldWlzbW9kLiBHcmF2aWRhIGRpcyBsb3JlbSBpcHN1bSBkb2xvciBwbGFjZXJhdCBtYWduYSB0ZW1wdXMgZmV1Z2lhdC48L3NwYW4+PC9wPjxwIHN0eWxlPSJtYXJnaW4tYm90dG9tOiAxZW07IHBhZGRpbmc6IDBweDsgYm9yZGVyOiAwcHg7IGZvbnQtc3R5bGU6IGluaGVyaXQ7IGZvbnQtdmFyaWFudDogaW5oZXJpdDsgZm9udC13ZWlnaHQ6IGluaGVyaXQ7IGZvbnQtc3RyZXRjaDogaW5oZXJpdDsgZm9udC1zaXplOiBpbmhlcml0OyBsaW5lLWhlaWdodDogaW5oZXJpdDsgZm9udC1mYW1pbHk6IGluaGVyaXQ7IHZlcnRpY2FsLWFsaWduOiBiYXNlbGluZTsgdGV4dC1hbGlnbjoganVzdGlmeTsiPjxzcGFuIHN0eWxlPSJiYWNrZ3JvdW5kLWNvbG9yOiByZ2IoMjU1LCAyNTUsIDI1NSk7Ij5MZWN0dXMgYW50ZSB2ZWwgbnVuYyBldWlzbW9kIGVzdCB0dXJwaXMgc29kYWxlcy4gRGlhbSB0ZW1wb3IgZHVpIGxhY2luaWEgYWNjdW1zYW4gdml2YW11cyBhdWd1ZSBjdWJpbGlhIHZpdmFtdXMgbmlzaSBldSBlZ2V0IG9ybmFyZSB2YXJpdXMgZ3JhdmlkYSBkb2xvcmUgZXVpc21vZCBsb3JlbSBpcHN1bSBkb2xvciBzaXQgYW1ldCBjb25zZXF1YXQgZWdldCBvcm5hcmUgdmFyaXVzIGdyYXZpZGEgZXVpc21vZC4gR3JhdmlkYSBkaXMgbG9yZW0gaXBzdW0gZG9sb3IgcGxhY2VyYXQgbWFnbmEgdGVtcHVzIGZldWdpYXQgbWFnbmEgdGVtcHVzIGxvcmVtLjwvc3Bhbj48L3A+PHAgc3R5bGU9Im1hcmdpbi1ib3R0b206IDFlbTsgcGFkZGluZzogMHB4OyBib3JkZXI6IDBweDsgZm9udC1zdHlsZTogaW5oZXJpdDsgZm9udC12YXJpYW50OiBpbmhlcml0OyBmb250LXdlaWdodDogaW5oZXJpdDsgZm9udC1zdHJldGNoOiBpbmhlcml0OyBmb250LXNpemU6IGluaGVyaXQ7IGxpbmUtaGVpZ2h0OiBpbmhlcml0OyBmb250LWZhbWlseTogaW5oZXJpdDsgdmVydGljYWwtYWxpZ246IGJhc2VsaW5lOyB0ZXh0LWFsaWduOiBqdXN0aWZ5OyI+PHNwYW4gc3R5bGU9ImJhY2tncm91bmQtY29sb3I6IHJnYigyNTUsIDI1NSwgMjU1KTsiPkxlY3R1cyBhbnRlIHZlbCBudW5jIGV1aXNtb2QgZXN0IHR1cnBpcyBzb2RhbGVzLiBEaWFtIHRlbXBvciBkdWkgbGFjaW5pYSBhY2N1bXNhbiB2aXZhbXVzIGF1Z3VlIGN1YmlsaWEuPC9zcGFuPjwvcD48L2Rpdj48ZGl2IGNsYXNzPSI0dSAxMnUobmFycm93KSIgc3R5bGU9Im1hcmdpbjogMHB4OyBwYWRkaW5nOiA1MHB4IDBweCAwcHggNTBweDsgYm9yZGVyOiAwcHg7IGZvbnQtdmFyaWFudC1udW1lcmljOiBpbmhlcml0OyBmb250LXN0cmV0Y2g6IGluaGVyaXQ7IGZvbnQtc2l6ZTogMjIuNjY2N3B4OyBsaW5lLWhlaWdodDogaW5oZXJpdDsgZm9udC1mYW1pbHk6IFJvYm90bywgc2Fucy1zZXJpZjsgdmVydGljYWwtYWxpZ246IGJhc2VsaW5lOyBmbG9hdDogbGVmdDsgd2lkdGg6IDQ3MHB4OyBjbGVhcjogbm9uZTsgLXdlYmtpdC10ZXh0LXN0cm9rZS13aWR0aDogMC4xcHg7Ij48cCBzdHlsZT0ibWFyZ2luLWJvdHRvbTogMWVtOyBwYWRkaW5nOiAwcHg7IGJvcmRlcjogMHB4OyBmb250LXN0eWxlOiBpbmhlcml0OyBmb250LXZhcmlhbnQ6IGluaGVyaXQ7IGZvbnQtd2VpZ2h0OiBpbmhlcml0OyBmb250LXN0cmV0Y2g6IGluaGVyaXQ7IGZvbnQtc2l6ZTogaW5oZXJpdDsgbGluZS1oZWlnaHQ6IGluaGVyaXQ7IGZvbnQtZmFtaWx5OiBpbmhlcml0OyB2ZXJ0aWNhbC1hbGlnbjogYmFzZWxpbmU7IHRleHQtYWxpZ246IGp1c3RpZnk7Ij48c3BhbiBzdHlsZT0iYmFja2dyb3VuZC1jb2xvcjogcmdiKDI1NSwgMjU1LCAyNTUpOyI+UGxhY2VyYXQgbGVjdHVzIGFudGUgdmVsIG51bmMgZXVpc21vZCBlc3QgdHVycGlzIHNvZGFsZXMuIERpYW0gdGVtcG9yIGR1aSBsYWNpbmlhIGVnZXQgb3JuYXJlIHZhcml1cyBncmF2aWRhLiBHcmF2aWRhIGRpcyBwbGFjZXJhdCBsZWN0dXMgYW50ZSB2ZWwgbnVuYyBldWlzbW9kIGVzdCB0dXJwaXMgc29kYWxlcy4gRGlhbSB0ZW1wb3IgZHVpIGxhY2luaWEgYWNjdW1zYW4gdml2YW11cyBhdWd1ZSBjdWJpbGlhIHZpdmFtdXMgbmlzaSBldSBlZ2V0IG9ybmFyZSB2YXJpdXMgZ3JhdmlkYSBldWlzbW9kLiBHcmF2aWRhIGRpcyBsb3JlbSBpcHN1bSBkb2xvciBwbGFjZXJhdCBtYWduYSB0ZW1wdXMgZmV1Z2lhdC4gTGVjdHVzIGFudGUgdmVsIG51bmMgZXVpc21vZCBlc3QgdHVycGlzIHNvZGFsZXMuIERpYW0gdGVtcG9yIGR1aSBsYWNpbmlhIGRvbG9yZS48L3NwYW4+PC9wPjxwIHN0eWxlPSJtYXJnaW4tYm90dG9tOiAxZW07IHBhZGRpbmc6IDBweDsgYm9yZGVyOiAwcHg7IGZvbnQtc3R5bGU6IGluaGVyaXQ7IGZvbnQtdmFyaWFudDogaW5oZXJpdDsgZm9udC13ZWlnaHQ6IGluaGVyaXQ7IGZvbnQtc3RyZXRjaDogaW5oZXJpdDsgZm9udC1zaXplOiBpbmhlcml0OyBsaW5lLWhlaWdodDogaW5oZXJpdDsgZm9udC1mYW1pbHk6IGluaGVyaXQ7IHZlcnRpY2FsLWFsaWduOiBiYXNlbGluZTsgdGV4dC1hbGlnbjoganVzdGlmeTsiPjxzcGFuIHN0eWxlPSJiYWNrZ3JvdW5kLWNvbG9yOiByZ2IoMjU1LCAyNTUsIDI1NSk7Ij5BY2N1bXNhbiB2aXZhbXVzIGF1Z3VlIGN1YmlsaWEgdml2YW11cyBuaXNpIGV1IGVnZXQgb3JuYXJlIHZhcml1cyBncmF2aWRhIGRvbG9yZSBldWlzbW9kIGxvcmVtIGlwc3VtIGRvbG9yIHNpdCBhbWV0IGNvbnNlaXNtb2QgbG9yZW0gaXBzdW0gZG9sb3Igc2l0IGFtZXQgY29uc2VxdWF0IGxvcmVtIGlwc3VtIGNvbnNlcXVhdCBmZXVnaWF0IHNlZCB0ZW1wdXMgZXVpc21vZCBmZXVnaWF0IHZlcm9lcm9zLjwvc3Bhbj48L3A+PC9kaXY+', 'lluismat', 0, 0, 1),
(21, 'Magna amet tempus', 'PHA+PHNwYW4gc3R5bGU9ImNvbG9yOiByZ2IoMTIzLCAxMjksIDE0MCk7IGZvbnQtc2l6ZTogMTQuNjY2N3B4OyI+UGhhc2VsbHVzIHF1YW0gdHVycGlzLCBmZXVnaWF0IHNpdCBhbWV0IG9ybmFyZSBpbiwgaGVuZHJlcml0IGluIGxlY3R1cyBzZW1wZXIgbW9kIHF1aXN0dXJwaXMgbmlzaSBjb25zZXF1YXQgb3JuYXJlIGluLCBoZW5kcmVyaXQgaW4gbGVjdHVzIHNlbXBlciBtb2QgcXVpcyBlZ2V0IG1pIHF1YXQgZXRpYW0gbG9yZW0uIFBoYXNlbGx1cyBxdWFtIHR1cnBpcywgZmV1Z2lhdCBzZWQgZXQgbG9yZW0gaXBzdW0gZG9sb3IgY29uc2VxdWF0IGRvbG9yIGZldWdpYXQgc2VkIGV0IHRlbXB1cyBjb25zZXF1YXQgZXRpYW0uPC9zcGFuPjwvcD48cD48c3BhbiBzdHlsZT0iY29sb3I6IHJnYigxMjMsIDEyOSwgMTQwKTsgZm9udC1zaXplOiAxNC42NjY3cHg7Ij48YnI+PC9zcGFuPjwvcD48cD48aW1nIHNyYz0iaHR0cHM6Ly9odG1sNXVwLm5ldC91cGxvYWRzL2RlbW9zL2V0aGVyZWFsL2ltYWdlcy9waWMwMy5qcGciIHN0eWxlPSJ3aWR0aDogNTAlOyI+PHNwYW4gc3R5bGU9ImNvbG9yOiByZ2IoMTIzLCAxMjksIDE0MCk7IGZvbnQtc2l6ZTogMTQuNjY2N3B4OyI+PGJyPjwvc3Bhbj48YnI+PC9wPg==', 'user26', 0, 0, 1),
(22, 'AENEAN TEMPOR DICTUM DIGNISSIM CURABITUR', 'PHA+PHNwYW4gc3R5bGU9ImNvbG9yOiByZ2IoMTIxLCAxMjEsIDEyMSk7IGZvbnQtZmFtaWx5OiBWZXJkYW5hLCBHZW5ldmEsIHNhbnMtc2VyaWY7IGZvbnQtc2l6ZTogMTRweDsiPlZlaGljdWxhIGVyYXQgaW4gcG9ydHRpdG9yIHBoYXJldHJhIHRlbGx1cyBudWxsYSB2dWxwdXRhdGUgcGhhcmV0cmEgYWxpcXVhbSBjdXJhYml0dXIgbm9uIHNhZ2l0dGlzIGxpZ3VsYSB2aXZhbXVzIHNvZGFsZXMgZWZmaWNpdHVyIGFyY3UgaW1wZXJkaWV0IGluJm5ic3A7PC9zcGFuPjxzcGFuIHN0eWxlPSJjb2xvcjogcmdiKDEyMSwgMTIxLCAxMjEpOyBmb250LWZhbWlseTogVmVyZGFuYSwgR2VuZXZhLCBzYW5zLXNlcmlmOyBmb250LXNpemU6IDE0cHg7Ij5lIHBoYXJldHJhIGFsaXF1YW0gY3VyYWJpdHVyIG5vbiBzYWdpdHRpcyZuYnNwOzwvc3Bhbj48c3BhbiBzdHlsZT0iY29sb3I6IHJnYigxMjEsIDEyMSwgMTIxKTsgZm9udC1mYW1pbHk6IFZlcmRhbmEsIEdlbmV2YSwgc2Fucy1zZXJpZjsgZm9udC1zaXplOiAxNHB4OyI+bm9uIHNhZ2l0dGlzIGxpZ3VsYSB2aXZhbXVzIHNvZGFsZXMgZWZmaWNpdHVyIGFyY3UgaW1wZXJkaWV0IGluJm5ic3A7PC9zcGFuPjxzcGFuIHN0eWxlPSJjb2xvcjogcmdiKDEyMSwgMTIxLCAxMjEpOyBmb250LWZhbWlseTogVmVyZGFuYSwgR2VuZXZhLCBzYW5zLXNlcmlmOyBmb250LXNpemU6IDE0cHg7Ij5lIHBoYXJldHJhIGFsaXF1YW0gY3VyYWJpdHVyJm5ic3A7PC9zcGFuPjwvcD48cD48aW1nIHNyYz0iaHR0cDovL3d3dy5lbHZlbmV6b2xhbm8uY29tL3dwLWNvbnRlbnQvdXBsb2Fkcy8yMDE2LzAyL2VuZmVybWVkYWRlcy5qcGciIHN0eWxlPSJ3aWR0aDogOTAwcHg7Ij48c3BhbiBzdHlsZT0iY29sb3I6IHJnYigxMjEsIDEyMSwgMTIxKTsgZm9udC1mYW1pbHk6IFZlcmRhbmEsIEdlbmV2YSwgc2Fucy1zZXJpZjsgZm9udC1zaXplOiAxNHB4OyI+PGJyPjwvc3Bhbj48YnI+PC9wPg==', 'lluismat', 0, 0, 1),
(23, 'Lorem ipsum', 'PG9sPjxsaT48c3BhbiBzdHlsZT0iZm9udC1mYW1pbHk6IExhdG8sIHNhbnMtc2VyaWY7IGZvbnQtc2l6ZTogMTQuM3B4OyB0ZXh0LWFsaWduOiBjZW50ZXI7IGJhY2tncm91bmQtY29sb3I6IHJnYigyNTUsIDI1NSwgMjU1KTsiPkxvcmVtIGlwc3VtIGRvbG9yIHNpdCBhbWV0LCBjb25zZWN0ZXR1ciBhZGlwaXNjaW5nIGVsaXQuIE51bmMgZWdldCBudW5jIHZpdGFlIHRlbGx1cyBsdWN0dXMgdWxsYW1jb3JwZXIuIDwvc3Bhbj48L2xpPjxsaT48c3BhbiBzdHlsZT0iZm9udC1mYW1pbHk6IExhdG8sIHNhbnMtc2VyaWY7IGZvbnQtc2l6ZTogMTQuM3B4OyB0ZXh0LWFsaWduOiBjZW50ZXI7IGJhY2tncm91bmQtY29sb3I6IHJnYigyNTUsIDI1NSwgMjU1KTsiPk5hbSBwb3J0dGl0b3IgdWxsYW1jb3JwZXIgZmVsaXMgYXQgY29udmFsbGlzLiBBZW5lYW4gb3JuYXJlIHZlc3RpYnVsdW0gbmlzaSBmcmluZ2lsbGEgbGFjaW5pYS4gTnVsbGFtIHB1bHZpbmFyIHNvbGxpY2l0dWRpbiB2ZWxpdCBpZCBsYW9yZWV0LiBRdWlzcXVlIG5vbiByaG9uY3VzIHNlbS48L3NwYW4+PC9saT48L29sPjxwPjxzcGFuIHN0eWxlPSJmb250LWZhbWlseTogTGF0bywgc2Fucy1zZXJpZjsgZm9udC1zaXplOiAxNC4zcHg7IHRleHQtYWxpZ246IGNlbnRlcjsgYmFja2dyb3VuZC1jb2xvcjogcmdiKDI1NSwgMjU1LCAyNTUpOyI+PGJyPjwvc3Bhbj48L3A+PHA+PGJyPjwvcD48dGFibGUgY2xhc3M9InRhYmxlIHRhYmxlLWJvcmRlcmVkIj48dGJvZHk+PHRyPjx0ZD48c3BhbiBzdHlsZT0iZm9udC1mYW1pbHk6IExhdG8sIHNhbnMtc2VyaWY7IGZvbnQtc2l6ZTogMTQuM3B4OyB0ZXh0LWFsaWduOiBjZW50ZXI7Ij5zb2xsaWNpdHVkaW4gdmVsaXQgaWQgbGFvcmVldC4gUXVpc3F1ZSBub24gcmhvbmN1cyBzZW08L3NwYW4+PC90ZD48dGQ+c29sbGljaXR1ZGluIHZlbGl0IGlkIGxhb3JlZXQuIFF1aXNxdWUgbm9uIHJob25jdXMgc2VtLjwvdGQ+PC90cj48L3Rib2R5PjwvdGFibGU+PHA+PGJyPjwvcD48cD48c3BhbiBzdHlsZT0iZm9udC1mYW1pbHk6IExhdG8sIHNhbnMtc2VyaWY7IGZvbnQtc2l6ZTogMTQuM3B4OyB0ZXh0LWFsaWduOiBjZW50ZXI7IGJhY2tncm91bmQtY29sb3I6IHJnYigyNTUsIDI1NSwgMjU1KTsiPjxicj48L3NwYW4+PC9wPg==', 'admin', 0, 0, 1),
(24, 'Lorem ipsum dolor sit amet, consectetur adipiscing elit. Aliquam viverra orci ut.', 'PHAgc3R5bGU9InBhZGRpbmc6IDBweDsgbWFyZ2luLWJvdHRvbTogMjBweDsgY29sb3I6IHJnYigxMDIsIDEwMiwgMTAyKTsgZm9udC1mYW1pbHk6ICZxdW90O0VrIE11a3RhJnF1b3Q7LCBzYW5zLXNlcmlmOyBmb250LXNpemU6IDE2cHg7IHRleHQtYWxpZ246IGNlbnRlcjsiPkxvcmVtIGlwc3VtIGRvbG9yIHNpdCBhbWV0LCB2aXMgdGFsZSBtYWxpcyB0YWNpbWF0ZXMgZXQsIGdyYWVjZSBkb2N0dXMgb21uZXNxdWUgbmUgZXN0LCBkZXNlcnVudCBwZXJ0aW5hY2lhIG5lIG5hbS4gUHJvIGV1IHNpbXVsIGFmZmVydCByZWZlcnJlbnR1ciwgbmF0dW0gbXV0YXQgZXJyb3JpYnVzIHRlIGhpczwvcD48cCBzdHlsZT0icGFkZGluZzogMHB4OyBtYXJnaW4tYm90dG9tOiAyMHB4OyBjb2xvcjogcmdiKDEwMiwgMTAyLCAxMDIpOyBmb250LWZhbWlseTogJnF1b3Q7RWsgTXVrdGEmcXVvdDssIHNhbnMtc2VyaWY7IGZvbnQtc2l6ZTogMTZweDsgdGV4dC1hbGlnbjogY2VudGVyOyI+TmUgbXVuZGkgZmFidWxhcyBjb3JydW1waXQgdmltLCBudWxsYSB2aXZlbmR1bSBjb25jZXB0YW0gZXUgbmFtLiBJdXMgZXggcHJpbmNpcGVzIGNvbXBsZWN0aXR1ciwgZXggcXVvIGR1aXMgc3VzY2lwaXQuIEl1cyBmYXN0aWRpaSByZXByaW1pcXVlIG5vLiBTYWRpcHNjaW5nIGFwcGVsbGFudHVyIHByaSBhZC4gT3JhdGlvIG1vZGVyYXRpdXMgZGVmaW5pdGlvbmVzIGN1bSBleCwgbWVhIG5lIGJydXRlIHZpdmVuZHVtIHBlcmNpcGl0dTwvcD48cCBzdHlsZT0icGFkZGluZzogMHB4OyBtYXJnaW4tYm90dG9tOiAyMHB4OyBjb2xvcjogcmdiKDEwMiwgMTAyLCAxMDIpOyBmb250LWZhbWlseTogJnF1b3Q7RWsgTXVrdGEmcXVvdDssIHNhbnMtc2VyaWY7IGZvbnQtc2l6ZTogMTZweDsgdGV4dC1hbGlnbjogY2VudGVyOyI+PGltZyBzcmM9Ii4vc3JjL3NlcnZlci91cGxvYWRzL2ltYWdlcy9maWxlLTE0OTUwMDQxNTMxNTEuanBnIiBzdHlsZT0id2lkdGg6IDE4NDZweDsiPiAmbmJzcDs8c3BhbiBzdHlsZT0iZm9udC1zaXplOiAxNy41cHg7Ij4mbmJzcDsmbmJzcDs8L3NwYW4+PHNwYW4gc3R5bGU9ImZvbnQtc2l6ZTogMTcuNXB4OyI+Jm5ic3A7Jm5ic3A7Jm5ic3A7Jm5ic3A7PC9zcGFuPjxzcGFuIHN0eWxlPSJmb250LXNpemU6IDE3LjVweDsiPiZuYnNwOyZuYnNwOzwvc3Bhbj48c3BhbiBzdHlsZT0iZm9udC1zaXplOiAxNy41cHg7Ij4mbmJzcDsgJm5ic3A7Jm5ic3A7PC9zcGFuPjxzcGFuIHN0eWxlPSJmb250LXNpemU6IDE3LjVweDsiPiZuYnNwOyZuYnNwOyZuYnNwOyZuYnNwOzwvc3Bhbj48c3BhbiBzdHlsZT0iZm9udC1zaXplOiAxNy41cHg7Ij4mbmJzcDsmbmJzcDsmbmJzcDsmbmJzcDs8L3NwYW4+PHNwYW4gc3R5bGU9ImZvbnQtc2l6ZTogMTcuNXB4OyI+Jm5ic3A7Jm5ic3A7Jm5ic3A7Jm5ic3A7PC9zcGFuPjxzcGFuIHN0eWxlPSJmb250LXNpemU6IDE3LjVweDsiPiZuYnNwOyZuYnNwOyZuYnNwOyZuYnNwOzwvc3Bhbj48c3BhbiBzdHlsZT0iZm9udC1zaXplOiAxNy41cHg7Ij4mbmJzcDsmbmJzcDsmbmJzcDsmbmJzcDs8L3NwYW4+PHNwYW4gc3R5bGU9ImZvbnQtc2l6ZTogMTcuNXB4OyI+Jm5ic3A7Jm5ic3A7Jm5ic3A7Jm5ic3A7PC9zcGFuPjxzcGFuIHN0eWxlPSJmb250LXNpemU6IDE3LjVweDsiPiZuYnNwOyZuYnNwOyZuYnNwOyZuYnNwOzwvc3Bhbj48c3BhbiBzdHlsZT0iZm9udC1zaXplOiAxNy41cHg7Ij4mbmJzcDsmbmJzcDsmbmJzcDsmbmJzcDs8L3NwYW4+PHNwYW4gc3R5bGU9ImZvbnQtc2l6ZTogMTcuNXB4OyI+Jm5ic3A7Jm5ic3A7Jm5ic3A7Jm5ic3A7PC9zcGFuPjxzcGFuIHN0eWxlPSJmb250LXNpemU6IDE3LjVweDsiPiZuYnNwOyZuYnNwOyZuYnNwOyZuYnNwOzwvc3Bhbj48c3BhbiBzdHlsZT0iZm9udC1zaXplOiAxNy41cHg7Ij4mbmJzcDsmbmJzcDsmbmJzcDsmbmJzcDs8L3NwYW4+PHNwYW4gc3R5bGU9ImZvbnQtc2l6ZTogMTcuNXB4OyI+Jm5ic3A7Jm5ic3A7Jm5ic3A7Jm5ic3A7PC9zcGFuPjxzcGFuIHN0eWxlPSJmb250LXNpemU6IDE3LjVweDsiPiZuYnNwOyZuYnNwOyZuYnNwOyZuYnNwOzwvc3Bhbj48c3BhbiBzdHlsZT0iZm9udC1zaXplOiAxNy41cHg7Ij4mbmJzcDsmbmJzcDsmbmJzcDsmbmJzcDs8L3NwYW4+PHNwYW4gc3R5bGU9ImZvbnQtc2l6ZTogMTcuNXB4OyI+Jm5ic3A7Jm5ic3A7Jm5ic3A7Jm5ic3A7PC9zcGFuPjxzcGFuIHN0eWxlPSJmb250LXNpemU6IDE3LjVweDsiPiZuYnNwOyZuYnNwOyZuYnNwOyZuYnNwOzwvc3Bhbj48c3BhbiBzdHlsZT0iZm9udC1zaXplOiAxNy41cHg7Ij4mbmJzcDsmbmJzcDsmbmJzcDsmbmJzcDs8L3NwYW4+PHNwYW4gc3R5bGU9ImZvbnQtc2l6ZTogMTcuNXB4OyI+Jm5ic3A7Jm5ic3A7Jm5ic3A7Jm5ic3A7PC9zcGFuPjxzcGFuIHN0eWxlPSJmb250LXNpemU6IDE3LjVweDsiPiZuYnNwOyZuYnNwOyZuYnNwOyZuYnNwOzwvc3Bhbj48c3BhbiBzdHlsZT0iZm9udC1zaXplOiAxNy41cHg7Ij4mbmJzcDsmbmJzcDsmbmJzcDsmbmJzcDs8L3NwYW4+PHNwYW4gc3R5bGU9ImZvbnQtc2l6ZTogMTcuNXB4OyI+Jm5ic3A7Jm5ic3A7Jm5ic3A7Jm5ic3A7PC9zcGFuPjxzcGFuIHN0eWxlPSJmb250LXNpemU6IDE3LjVweDsiPiZuYnNwOyZuYnNwOyZuYnNwOyZuYnNwOzwvc3Bhbj48c3BhbiBzdHlsZT0iZm9udC1zaXplOiAxNy41cHg7Ij4mbmJzcDsmbmJzcDsmbmJzcDsmbmJzcDs8L3NwYW4+PHNwYW4gc3R5bGU9ImZvbnQtc2l6ZTogMTcuNXB4OyI+Jm5ic3A7Jm5ic3A7Jm5ic3A7Jm5ic3A7PC9zcGFuPjxzcGFuIHN0eWxlPSJmb250LXNpemU6IDE3LjVweDsiPiZuYnNwOyZuYnNwOyZuYnNwOyZuYnNwOzwvc3Bhbj48c3BhbiBzdHlsZT0iZm9udC1zaXplOiAxNy41cHg7Ij4mbmJzcDsmbmJzcDsmbmJzcDsmbmJzcDs8L3NwYW4+PHNwYW4gc3R5bGU9ImZvbnQtc2l6ZTogMTcuNXB4OyI+Jm5ic3A7Jm5ic3A7Jm5ic3A7Jm5ic3A7PC9zcGFuPjxzcGFuIHN0eWxlPSJmb250LXNpemU6IDE3LjVweDsiPiZuYnNwOyZuYnNwOyZuYnNwOyZuYnNwOzwvc3Bhbj48c3BhbiBzdHlsZT0iZm9udC1zaXplOiAxNy41cHg7Ij4mbmJzcDsmbmJzcDsmbmJzcDsmbmJzcDs8L3NwYW4+PHNwYW4gc3R5bGU9ImZvbnQtc2l6ZTogMTcuNXB4OyI+Jm5ic3A7Jm5ic3A7Jm5ic3A7Jm5ic3A7PC9zcGFuPjxzcGFuIHN0eWxlPSJmb250LXNpemU6IDE3LjVweDsiPiZuYnNwOyZuYnNwOyZuYnNwOyZuYnNwOzwvc3Bhbj48c3BhbiBzdHlsZT0iZm9udC1zaXplOiAxNy41cHg7Ij4mbmJzcDsmbmJzcDsmbmJzcDsmbmJzcDs8L3NwYW4+PHNwYW4gc3R5bGU9ImZvbnQtc2l6ZTogMTcuNXB4OyI+Jm5ic3A7Jm5ic3A7Jm5ic3A7Jm5ic3A7PC9zcGFuPjxzcGFuIHN0eWxlPSJmb250LXNpemU6IDE3LjVweDsiPiZuYnNwOyZuYnNwOyZuYnNwOyZuYnNwOzwvc3Bhbj48c3BhbiBzdHlsZT0iZm9udC1zaXplOiAxNy41cHg7Ij4mbmJzcDsmbmJzcDsmbmJzcDsmbmJzcDs8L3NwYW4+PHNwYW4gc3R5bGU9ImZvbnQtc2l6ZTogMTcuNXB4OyI+Jm5ic3A7Jm5ic3A7Jm5ic3A7Jm5ic3A7PC9zcGFuPjxzcGFuIHN0eWxlPSJmb250LXNpemU6IDE3LjVweDsiPiZuYnNwOyZuYnNwOyZuYnNwOyZuYnNwOzwvc3Bhbj48c3BhbiBzdHlsZT0iZm9udC1zaXplOiAxNy41cHg7Ij4mbmJzcDsmbmJzcDsmbmJzcDsmbmJzcDs8L3NwYW4+PHNwYW4gc3R5bGU9ImZvbnQtc2l6ZTogMTcuNXB4OyI+Jm5ic3A7Jm5ic3A7Jm5ic3A7Jm5ic3A7PC9zcGFuPjxzcGFuIHN0eWxlPSJmb250LXNpemU6IDE3LjVweDsiPiZuYnNwOyZuYnNwOyZuYnNwOyZuYnNwOzwvc3Bhbj48c3BhbiBzdHlsZT0iZm9udC1zaXplOiAxNy41cHg7Ij4mbmJzcDsmbmJzcDsmbmJzcDsmbmJzcDs8L3NwYW4+PHNwYW4gc3R5bGU9ImZvbnQtc2l6ZTogMTcuNXB4OyI+Jm5ic3A7Jm5ic3A7Jm5ic3A7Jm5ic3A7PC9zcGFuPjxzcGFuIHN0eWxlPSJmb250LXNpemU6IDE3LjVweDsiPiZuYnNwOyZuYnNwOyZuYnNwOyZuYnNwOzwvc3Bhbj48c3BhbiBzdHlsZT0iZm9udC1zaXplOiAxNy41cHg7Ij4mbmJzcDsmbmJzcDsmbmJzcDsmbmJzcDs8L3NwYW4+PHNwYW4gc3R5bGU9ImZvbnQtc2l6ZTogMTcuNXB4OyI+Jm5ic3A7Jm5ic3A7Jm5ic3A7Jm5ic3A7PC9zcGFuPjxzcGFuIHN0eWxlPSJmb250LXNpemU6IDE3LjVweDsiPiZuYnNwOyZuYnNwOyZuYnNwOyZuYnNwOzwvc3Bhbj48c3BhbiBzdHlsZT0iZm9udC1zaXplOiAxNy41cHg7Ij4mbmJzcDsmbmJzcDsmbmJzcDsmbmJzcDs8L3NwYW4+PHNwYW4gc3R5bGU9ImZvbnQtc2l6ZTogMTcuNXB4OyI+Jm5ic3A7Jm5ic3A7Jm5ic3A7Jm5ic3A7PC9zcGFuPjxzcGFuIHN0eWxlPSJmb250LXNpemU6IDE3LjVweDsiPiZuYnNwOyZuYnNwOyZuYnNwOyZuYnNwOzwvc3Bhbj48c3BhbiBzdHlsZT0iZm9udC1zaXplOiAxNy41cHg7Ij4mbmJzcDsmbmJzcDsmbmJzcDsmbmJzcDs8L3NwYW4+PHNwYW4gc3R5bGU9ImZvbnQtc2l6ZTogMTcuNXB4OyI+Jm5ic3A7Jm5ic3A7Jm5ic3A7Jm5ic3A7PC9zcGFuPjxzcGFuIHN0eWxlPSJmb250LXNpemU6IDE3LjVweDsiPiZuYnNwOyZuYnNwOyZuYnNwOyZuYnNwOzwvc3Bhbj48c3BhbiBzdHlsZT0iZm9udC1zaXplOiAxNy41cHg7Ij4mbmJzcDsmbmJzcDsmbmJzcDsmbmJzcDs8L3NwYW4+PHNwYW4gc3R5bGU9ImZvbnQtc2l6ZTogMTcuNXB4OyI+Jm5ic3A7Jm5ic3A7Jm5ic3A7Jm5ic3A7PC9zcGFuPjxzcGFuIHN0eWxlPSJmb250LXNpemU6IDE3LjVweDsiPiZuYnNwOyZuYnNwOyZuYnNwOyZuYnNwOzwvc3Bhbj48c3BhbiBzdHlsZT0iZm9udC1zaXplOiAxNy41cHg7Ij4mbmJzcDsmbmJzcDsmbmJzcDsmbmJzcDs8L3NwYW4+PHNwYW4gc3R5bGU9ImZvbnQtc2l6ZTogMTcuNXB4OyI+Jm5ic3A7Jm5ic3A7Jm5ic3A7Jm5ic3A7PC9zcGFuPjxzcGFuIHN0eWxlPSJmb250LXNpemU6IDE3LjVweDsiPiZuYnNwOyZuYnNwOyZuYnNwOyZuYnNwOzwvc3Bhbj48c3BhbiBzdHlsZT0iZm9udC1zaXplOiAxNy41cHg7Ij4mbmJzcDsmbmJzcDsmbmJzcDsmbmJzcDs8L3NwYW4+PHNwYW4gc3R5bGU9ImZvbnQtc2l6ZTogMTcuNXB4OyI+Jm5ic3A7Jm5ic3A7Jm5ic3A7Jm5ic3A7PC9zcGFuPjxzcGFuIHN0eWxlPSJmb250LXNpemU6IDE3LjVweDsiPiZuYnNwOyZuYnNwOyZuYnNwOyZuYnNwOzwvc3Bhbj48c3BhbiBzdHlsZT0iZm9udC1zaXplOiAxNy41cHg7Ij4mbmJzcDsmbmJzcDsmbmJzcDsmbmJzcDs8L3NwYW4+PHNwYW4gc3R5bGU9ImZvbnQtc2l6ZTogMTcuNXB4OyI+Jm5ic3A7Jm5ic3A7Jm5ic3A7Jm5ic3A7PC9zcGFuPjxzcGFuIHN0eWxlPSJmb250LXNpemU6IDE3LjVweDsiPiZuYnNwOyZuYnNwOyZuYnNwOyZuYnNwOzwvc3Bhbj48c3BhbiBzdHlsZT0iZm9udC1zaXplOiAxNy41cHg7Ij4mbmJzcDsmbmJzcDsmbmJzcDsmbmJzcDs8L3NwYW4+PHNwYW4gc3R5bGU9ImZvbnQtc2l6ZTogMTcuNXB4OyI+Jm5ic3A7Jm5ic3A7Jm5ic3A7Jm5ic3A7PC9zcGFuPjxzcGFuIHN0eWxlPSJmb250LXNpemU6IDE3LjVweDsiPiZuYnNwOyZuYnNwOyZuYnNwOyZuYnNwOzwvc3Bhbj48c3BhbiBzdHlsZT0iZm9udC1zaXplOiAxNy41cHg7Ij4mbmJzcDsmbmJzcDsmbmJzcDsmbmJzcDs8L3NwYW4+PHNwYW4gc3R5bGU9ImZvbnQtc2l6ZTogMTcuNXB4OyI+Jm5ic3A7Jm5ic3A7Jm5ic3A7Jm5ic3A7PC9zcGFuPjxzcGFuIHN0eWxlPSJmb250LXNpemU6IDE3LjVweDsiPiZuYnNwOyZuYnNwOyZuYnNwOyZuYnNwOzwvc3Bhbj48c3BhbiBzdHlsZT0iZm9udC1zaXplOiAxNy41cHg7Ij4mbmJzcDsmbmJzcDsmbmJzcDsmbmJzcDs8L3NwYW4+PHNwYW4gc3R5bGU9ImZvbnQtc2l6ZTogMTcuNXB4OyI+Jm5ic3A7Jm5ic3A7Jm5ic3A7Jm5ic3A7PC9zcGFuPjxzcGFuIHN0eWxlPSJmb250LXNpemU6IDE3LjVweDsiPiZuYnNwOyZuYnNwOyZuYnNwOyZuYnNwOzwvc3Bhbj48c3BhbiBzdHlsZT0iZm9udC1zaXplOiAxNy41cHg7Ij4mbmJzcDsmbmJzcDsmbmJzcDsmbmJzcDs8L3NwYW4+PHNwYW4gc3R5bGU9ImZvbnQtc2l6ZTogMTcuNXB4OyI+Jm5ic3A7Jm5ic3A7Jm5ic3A7Jm5ic3A7PC9zcGFuPjxzcGFuIHN0eWxlPSJmb250LXNpemU6IDE3LjVweDsiPiZuYnNwOyZuYnNwOyZuYnNwOyZuYnNwOzwvc3Bhbj48c3BhbiBzdHlsZT0iZm9udC1zaXplOiAxNy41cHg7Ij4mbmJzcDsmbmJzcDsmbmJzcDsmbmJzcDs8L3NwYW4+PHNwYW4gc3R5bGU9ImZvbnQtc2l6ZTogMTcuNXB4OyI+Jm5ic3A7Jm5ic3A7Jm5ic3A7Jm5ic3A7PC9zcGFuPjxzcGFuIHN0eWxlPSJmb250LXNpemU6IDE3LjVweDsiPiZuYnNwOyZuYnNwOyZuYnNwOyZuYnNwOzwvc3Bhbj48c3BhbiBzdHlsZT0iZm9udC1zaXplOiAxNy41cHg7Ij4mbmJzcDsmbmJzcDsmbmJzcDsmbmJzcDs8L3NwYW4+PHNwYW4gc3R5bGU9ImZvbnQtc2l6ZTogMTcuNXB4OyI+Jm5ic3A7Jm5ic3A7Jm5ic3A7Jm5ic3A7PC9zcGFuPjxzcGFuIHN0eWxlPSJmb250LXNpemU6IDE3LjVweDsiPiZuYnNwOyZuYnNwOyZuYnNwOyZuYnNwOzwvc3Bhbj48c3BhbiBzdHlsZT0iZm9udC1zaXplOiAxNy41cHg7Ij4mbmJzcDsgJm5ic3A7Jm5ic3A7PC9zcGFuPjwvcD4=', 'lluismat', 0, 0, 1),
(25, 'consectetur adipiscing elit', 'PHA+PHNwYW4gc3R5bGU9ImZvbnQtZmFtaWx5OiAmcXVvdDtTb3VyY2UgU2FucyBQcm8mcXVvdDssIEhlbHZldGljYSwgc2Fucy1zZXJpZjsgZm9udC1zaXplOiAyNHB4OyB0ZXh0LWFsaWduOiBjZW50ZXI7Ij5Mb3JlbSBpcHN1bSBkb2xvciBzaXQgYW1ldCwgY29uc2VjdGV0dXIgYWRpcGlzY2luZyBlbGl0LiBNb3JiaSBkdWkgdHVycGlzLCBjdXJzdXMgZWdldCBvcmNpIGFtZXQgYWxpcXVhbSBjb25ndWUgc2VtcGVyLiBFdGlhbSBlZ2V0IHVsdHJpY2VzIDxzdHJpa2U+cmlzdXMgbmVjIHRlbXBvciBlbGl0PC9zdHJpa2U+Ljwvc3Bhbj48YnI+PC9wPg==', 'user35', 0, 0, 1),
(26, 'Quam lorem ipsum', 'PHA+PHNwYW4gc3R5bGU9ImNvbG9yOiByZ2IoMTI3LCAxMzYsIDE0Myk7IGZvbnQtc2l6ZTogMTcuMzMzM3B4OyI+QWVuZWFuIG9ybmFyZSB2ZWxpdCBsYWN1cywgYWMgdmFyaXVzIGVuaW0gbG9yZW0gdWxsYW1jb3JwZXIgZG9sb3JlLiBQcm9pbiBhbGlxdWFtIGZhY2lsaXNpcyBhbnRlIGludGVyZHVtLiBTZWQgbnVsbGEgYW1ldCBsb3JlbSBmZXVnaWF0IHRlbXB1cyBhbGlxdWFtLjwvc3Bhbj48YnI+PC9wPg==', 'lluismat', 0, 0, 1),
(27, 'Portitor ullamcorper', 'PHA+PHNwYW4gc3R5bGU9ImNvbG9yOiByZ2IoMTI3LCAxMzYsIDE0Myk7IGZvbnQtc2l6ZTogMTcuMzMzM3B4OyI+QWVuZWFuIG9ybmFyZSB2ZWxpdCBsYWN1cywgYWMgdmFyaXVzIGVuaW0gbG9yZW0gdWxsYW1jb3JwZXIgZG9sb3JlLiBQcm9pbiBhbGlxdWFtIGZhY2lsaXNpcyBhbnRlIGludGVyZHVtLiBTZWQgbnVsbGEgYW1ldCBsb3JlbSBmZXVnaWF0IHRlbXB1cyBhbGlxdWFtLjwvc3Bhbj48YnI+PC9wPg==', 'user35', 0, 0, 1),
(28, 'Sapien veroeros', 'PHA+PHNwYW4gc3R5bGU9ImNvbG9yOiByZ2IoMTI3LCAxMzYsIDE0Myk7IGZvbnQtc2l6ZTogMTcuMzMzM3B4OyI+QWVuZWFuIG9ybmFyZSB2ZWxpdCBsYWN1cywgYWMgdmFyaXVzIGVuaW0gbG9yZW0gdWxsYW1jb3JwZXIgZG9sb3JlLiBQcm9pbiBhbGlxdWFtIGZhY2lsaXNpcyBhbnRlIGludGVyZHVtLiBTZWQgbnVsbGEgYW1ldCBsb3JlbSBmZXVnaWF0IHRlbXB1cyBhbGlxdWFtLjwvc3Bhbj48L3A+PHA+PHNwYW4gc3R5bGU9ImNvbG9yOiByZ2IoMTI3LCAxMzYsIDE0Myk7IGZvbnQtc2l6ZTogMTcuMzMzM3B4OyI+PGJyPjwvc3Bhbj48L3A+PHVsPjxsaT48c3BhbiBzdHlsZT0iY29sb3I6IHJnYigxMjcsIDEzNiwgMTQzKTsgZm9udC1zaXplOiAxNy4zMzMzcHg7Ij5BZW5lYW4gb3JuYXJlIHZlbGl0IGxhY3VzLCBhYyB2YXJpdXMgZW5pbSBsb3JlbSB1bGxhbWNvcnBlciBkb2xvcmUuIFByb2luIGFsaXF1YW0gZmFjaWxpc2lzIGFudGUgaW50ZXJkdW0uIFNlZCBudWxsYSBhbWV0IGxvcmVtIGZldWdpYXQgdGVtcHVzIGFsaXF1YW0uPC9zcGFuPjwvbGk+PGxpPjxzcGFuIHN0eWxlPSJjb2xvcjogcmdiKDEyNywgMTM2LCAxNDMpOyBmb250LXNpemU6IDE3LjMzMzNweDsiPkFlbmVhbiBvcm5hcmUgdmVsaXQgbGFjdXMsIGFjIHZhcml1cyBlbmltIGxvcmVtIHVsbGFtY29ycGVyIGRvbG9yZS4gUHJvaW4gYWxpcXVhbSBmYWNpbGlzaXMgYW50ZSBpbnRlcmR1bS4gU2VkIG51bGxhIGFtZXQgbG9yZW0gZmV1Z2lhdCB0ZW1wdXMgYWxpcXVhbS48L3NwYW4+PHNwYW4gc3R5bGU9ImNvbG9yOiByZ2IoMTI3LCAxMzYsIDE0Myk7IGZvbnQtc2l6ZTogMTcuMzMzM3B4OyI+PGJyPjwvc3Bhbj48c3BhbiBzdHlsZT0iY29sb3I6IHJnYigxMjcsIDEzNiwgMTQzKTsgZm9udC1zaXplOiAxNy4zMzMzcHg7Ij48YnI+PC9zcGFuPjxicj48L2xpPjwvdWw+', 'lluismat', 0, 0, 1),
(29, 'Sed magna finibus', 'PGgyIGNsYXNzPSJtYWpvciIgc3R5bGU9Im1hcmdpbjogMHB4IDBweCAycmVtOyBwYWRkaW5nOiAwcHggMHB4IDAuNXJlbTsgYm9yZGVyLXdpZHRoOiAwcHggMHB4IDFweDsgYm9yZGVyLXRvcC1zdHlsZTogaW5pdGlhbDsgYm9yZGVyLXJpZ2h0LXN0eWxlOiBpbml0aWFsOyBib3JkZXItYm90dG9tLXN0eWxlOiBzb2xpZDsgYm9yZGVyLWxlZnQtc3R5bGU6IGluaXRpYWw7IGJvcmRlci10b3AtY29sb3I6IGluaXRpYWw7IGJvcmRlci1yaWdodC1jb2xvcjogaW5pdGlhbDsgYm9yZGVyLWJvdHRvbS1jb2xvcjogcmdiKDI1NSwgMjU1LCAyNTUpOyBib3JkZXItbGVmdC1jb2xvcjogaW5pdGlhbDsgYm9yZGVyLWltYWdlOiBpbml0aWFsOyBmb250LXZhcmlhbnQtbnVtZXJpYzogaW5oZXJpdDsgZm9udC13ZWlnaHQ6IDYwMDsgZm9udC1zdHJldGNoOiBpbmhlcml0OyBmb250LXNpemU6IDEuNXJlbTsgbGluZS1oZWlnaHQ6IDEuNDsgZm9udC1mYW1pbHk6ICZxdW90O1NvdXJjZSBTYW5zIFBybyZxdW90Oywgc2Fucy1zZXJpZjsgdmVydGljYWwtYWxpZ246IGJhc2VsaW5lOyB0ZXh0LXRyYW5zZm9ybTogdXBwZXJjYXNlOyBsZXR0ZXItc3BhY2luZzogMC41cmVtOyB3aWR0aDogbWF4LWNvbnRlbnQ7Ij48c3BhbiBzdHlsZT0iYmFja2dyb3VuZC1jb2xvcjogcmdiKDI1NSwgMjU1LCAyNTUpOyI+SU5UUk88L3NwYW4+PC9oMj48cD48c3BhbiBjbGFzcz0iaW1hZ2UgbWFpbiIgc3R5bGU9Im1hcmdpbjogMi41cmVtIDBweDsgcGFkZGluZzogMHB4OyBib3JkZXI6IDBweDsgZm9udC12YXJpYW50LW51bWVyaWM6IGluaGVyaXQ7IGZvbnQtc3RyZXRjaDogaW5oZXJpdDsgZm9udC1zaXplOiAyMS4zMzMzcHg7IGxpbmUtaGVpZ2h0OiBpbmhlcml0OyBmb250LWZhbWlseTogJnF1b3Q7U291cmNlIFNhbnMgUHJvJnF1b3Q7LCBzYW5zLXNlcmlmOyB2ZXJ0aWNhbC1hbGlnbjogYmFzZWxpbmU7IGJvcmRlci1yYWRpdXM6IDRweDsgZGlzcGxheTogYmxvY2s7IHBvc2l0aW9uOiByZWxhdGl2ZTsgd2lkdGg6IDc0Ni42NzJweDsiPjxpbWcgc3JjPSJodHRwczovL2h0bWw1dXAubmV0L3VwbG9hZHMvZGVtb3MvZGltZW5zaW9uL2ltYWdlcy9waWMwMS5qcGciIGFsdD0iIiBzdHlsZT0ibWFyZ2luOiAwcHg7IHBhZGRpbmc6IDBweDsgZm9udC1zdHlsZTogaW5oZXJpdDsgZm9udC12YXJpYW50OiBpbmhlcml0OyBmb250LXdlaWdodDogaW5oZXJpdDsgZm9udC1zdHJldGNoOiBpbmhlcml0OyBmb250LXNpemU6IGluaGVyaXQ7IGxpbmUtaGVpZ2h0OiBpbmhlcml0OyBmb250LWZhbWlseTogaW5oZXJpdDsgdmVydGljYWwtYWxpZ246IGJhc2VsaW5lOyBib3JkZXItcmFkaXVzOiA0cHg7IGRpc3BsYXk6IGJsb2NrOyB3aWR0aDogNzQ2LjY3MnB4OyI+PC9zcGFuPjwvcD48cCBzdHlsZT0ibWFyZ2luLWJvdHRvbTogMnJlbTsgcGFkZGluZzogMHB4OyBib3JkZXI6IDBweDsgZm9udC12YXJpYW50LW51bWVyaWM6IGluaGVyaXQ7IGZvbnQtc3RyZXRjaDogaW5oZXJpdDsgZm9udC1zaXplOiAyMS4zMzMzcHg7IGxpbmUtaGVpZ2h0OiBpbmhlcml0OyBmb250LWZhbWlseTogJnF1b3Q7U291cmNlIFNhbnMgUHJvJnF1b3Q7LCBzYW5zLXNlcmlmOyB2ZXJ0aWNhbC1hbGlnbjogYmFzZWxpbmU7Ij48c3BhbiBzdHlsZT0iYmFja2dyb3VuZC1jb2xvcjogcmdiKDI1NSwgMjU1LCAyNTUpOyI+QWVuZWFuIG9ybmFyZSB2ZWxpdCBsYWN1cywgYWMgdmFyaXVzIGVuaW0gdWxsYW1jb3JwZXIgZXUuIFByb2luIGFsaXF1YW0gZmFjaWxpc2lzIGFudGUgaW50ZXJkdW0gY29uZ3VlLiBJbnRlZ2VyIG1vbGxpcywgbmlzbCBhbWV0IGNvbnZhbGxpcywgcG9ydHRpdG9yIG1hZ25hIHVsbGFtY29ycGVyLCBhbWV0IGVnZXN0YXMgbWF1cmlzLiBVdCBtYWduYSBmaW5pYnVzIG5pc2kgbmVjIGxhY2luaWEuIE5hbSBtYXhpbXVzIGVyYXQgaWQgZXVpc21vZCBlZ2VzdGFzLiBCeSB0aGUgd2F5LCBjaGVjayBvdXQgbXkmbmJzcDs8YSBocmVmPSJodHRwczovL2h0bWw1dXAubmV0L3VwbG9hZHMvZGVtb3MvZGltZW5zaW9uLyN3b3JrIiBzdHlsZT0ibWFyZ2luOiAwcHg7IHBhZGRpbmc6IDBweDsgYm9yZGVyLXdpZHRoOiAwcHggMHB4IDFweDsgYm9yZGVyLXRvcC1zdHlsZTogaW5pdGlhbDsgYm9yZGVyLXJpZ2h0LXN0eWxlOiBpbml0aWFsOyBib3JkZXItYm90dG9tLXN0eWxlOiBkb3R0ZWQ7IGJvcmRlci1sZWZ0LXN0eWxlOiBpbml0aWFsOyBib3JkZXItdG9wLWNvbG9yOiBpbml0aWFsOyBib3JkZXItcmlnaHQtY29sb3I6IGluaXRpYWw7IGJvcmRlci1ib3R0b20tY29sb3I6IHJnYmEoMjU1LCAyNTUsIDI1NSwgMC41KTsgYm9yZGVyLWxlZnQtY29sb3I6IGluaXRpYWw7IGJvcmRlci1pbWFnZTogaW5pdGlhbDsgZm9udC1zdHlsZTogaW5oZXJpdDsgZm9udC12YXJpYW50OiBpbmhlcml0OyBmb250LXdlaWdodDogaW5oZXJpdDsgZm9udC1zdHJldGNoOiBpbmhlcml0OyBmb250LXNpemU6IGluaGVyaXQ7IGxpbmUtaGVpZ2h0OiBpbmhlcml0OyBmb250LWZhbWlseTogaW5oZXJpdDsgdmVydGljYWwtYWxpZ246IGJhc2VsaW5lOyB0cmFuc2l0aW9uOiBjb2xvciAwLjJzIGVhc2UtaW4tb3V0LCBiYWNrZ3JvdW5kLWNvbG9yIDAuMnMgZWFzZS1pbi1vdXQsIGJvcmRlci1ib3R0b20tY29sb3IgMC4ycyBlYXNlLWluLW91dDsiPmF3ZXNvbWUgd29yazwvYT4uPC9zcGFuPjwvcD48cCBzdHlsZT0ibWFyZ2luLWJvdHRvbTogMnJlbTsgcGFkZGluZzogMHB4OyBib3JkZXI6IDBweDsgZm9udC12YXJpYW50LW51bWVyaWM6IGluaGVyaXQ7IGZvbnQtc3RyZXRjaDogaW5oZXJpdDsgZm9udC1zaXplOiAyMS4zMzMzcHg7IGxpbmUtaGVpZ2h0OiBpbmhlcml0OyBmb250LWZhbWlseTogJnF1b3Q7U291cmNlIFNhbnMgUHJvJnF1b3Q7LCBzYW5zLXNlcmlmOyB2ZXJ0aWNhbC1hbGlnbjogYmFzZWxpbmU7Ij48c3BhbiBzdHlsZT0iYmFja2dyb3VuZC1jb2xvcjogcmdiKDI1NSwgMjU1LCAyNTUpOyI+TG9yZW0gaXBzdW0gZG9sb3Igc2l0IGFtZXQsIGNvbnNlY3RldHVyIGFkaXBpc2NpbmcgZWxpdC4gRHVpcyBkYXBpYnVzIHJ1dHJ1bSBmYWNpbGlzaXMuIENsYXNzIGFwdGVudCB0YWNpdGkgc29jaW9zcXUgYWQgbGl0b3JhIHRvcnF1ZW50IHBlciBjb251YmlhIG5vc3RyYSwgcGVyIGluY2VwdG9zIGhpbWVuYWVvcy4gRXRpYW0gdHJpc3RpcXVlIGxpYmVybyBldSBuaWJoIHBvcnR0aXRvciBmZXJtZW50dW0uIE51bGxhbSB2ZW5lbmF0aXMgZXJhdCBpZCB2ZWhpY3VsYSB2aXZlcnJhLiBOdW5jIHVsdHJpY2VzIGVyb3MgdXQgdWx0cmljaWVzIGNvbmRpbWVudHVtLiBNYXVyaXMgcmlzdXMgbGFjdXMsIGJsYW5kaXQgc2l0IGFtZXQgdmVuZW5hdGlzIG5vbiwgYmliZW5kdW0gdml0YWUgZG9sb3IuIE51bmMgbG9yZW0gbWF1cmlzLCBmcmluZ2lsbGEgaW4gYWxpcXVhbSBhdCwgZXVpc21vZCBpbiBsZWN0dXMuIFBlbGxlbnRlc3F1ZSBoYWJpdGFudCBtb3JiaSB0cmlzdGlxdWUgc2VuZWN0dXMgZXQgbmV0dXMgZXQgbWFsZXN1YWRhIGZhbWVzIGFjIHR1cnBpcyBlZ2VzdGFzLiBJbiBub24gbG9yZW0gc2l0IGFtZXQgZWxpdCBwbGFjZXJhdCBtYXhpbXVzLiBQZWxsZW50ZXNxdWUgYWxpcXVhbSBtYXhpbXVzIHJpc3VzLCB2ZWwgc2VkIHZlaGljdWxhLjwvc3Bhbj48L3A+', 'admin', 0, 0, 1),
(30, 'Feugiat lorem aenean', 'PGgyIGNsYXNzPSJtYWpvciIgc3R5bGU9Im1hcmdpbjogMHB4IDBweCAycmVtOyBwYWRkaW5nOiAwcHggMHB4IDAuNXJlbTsgYm9yZGVyLXdpZHRoOiAwcHggMHB4IDFweDsgYm9yZGVyLXRvcC1zdHlsZTogaW5pdGlhbDsgYm9yZGVyLXJpZ2h0LXN0eWxlOiBpbml0aWFsOyBib3JkZXItYm90dG9tLXN0eWxlOiBzb2xpZDsgYm9yZGVyLWxlZnQtc3R5bGU6IGluaXRpYWw7IGJvcmRlci10b3AtY29sb3I6IGluaXRpYWw7IGJvcmRlci1yaWdodC1jb2xvcjogaW5pdGlhbDsgYm9yZGVyLWJvdHRvbS1jb2xvcjogcmdiKDI1NSwgMjU1LCAyNTUpOyBib3JkZXItbGVmdC1jb2xvcjogaW5pdGlhbDsgYm9yZGVyLWltYWdlOiBpbml0aWFsOyBmb250LXZhcmlhbnQtbnVtZXJpYzogaW5oZXJpdDsgZm9udC13ZWlnaHQ6IDYwMDsgZm9udC1zdHJldGNoOiBpbmhlcml0OyBmb250LXNpemU6IDEuNXJlbTsgbGluZS1oZWlnaHQ6IDEuNDsgZm9udC1mYW1pbHk6ICZxdW90O1NvdXJjZSBTYW5zIFBybyZxdW90Oywgc2Fucy1zZXJpZjsgdmVydGljYWwtYWxpZ246IGJhc2VsaW5lOyB0ZXh0LXRyYW5zZm9ybTogdXBwZXJjYXNlOyBsZXR0ZXItc3BhY2luZzogMC41cmVtOyB3aWR0aDogbWF4LWNvbnRlbnQ7Ij5XT1JLPC9oMj48cD48c3BhbiBjbGFzcz0iaW1hZ2UgbWFpbiIgc3R5bGU9Im1hcmdpbjogMi41cmVtIDBweDsgcGFkZGluZzogMHB4OyBib3JkZXI6IDBweDsgZm9udC12YXJpYW50LW51bWVyaWM6IGluaGVyaXQ7IGZvbnQtc3RyZXRjaDogaW5oZXJpdDsgZm9udC1zaXplOiAyMS4zMzMzcHg7IGxpbmUtaGVpZ2h0OiBpbmhlcml0OyBmb250LWZhbWlseTogJnF1b3Q7U291cmNlIFNhbnMgUHJvJnF1b3Q7LCBzYW5zLXNlcmlmOyB2ZXJ0aWNhbC1hbGlnbjogYmFzZWxpbmU7IGJvcmRlci1yYWRpdXM6IDRweDsgZGlzcGxheTogYmxvY2s7IHBvc2l0aW9uOiByZWxhdGl2ZTsgd2lkdGg6IDc0Ni42NzJweDsiPjxpbWcgc3JjPSJodHRwczovL2h0bWw1dXAubmV0L3VwbG9hZHMvZGVtb3MvZGltZW5zaW9uL2ltYWdlcy9waWMwMi5qcGciIGFsdD0iIiBzdHlsZT0ibWFyZ2luOiAwcHg7IHBhZGRpbmc6IDBweDsgZm9udC1zdHlsZTogaW5oZXJpdDsgZm9udC12YXJpYW50OiBpbmhlcml0OyBmb250LXdlaWdodDogaW5oZXJpdDsgZm9udC1zdHJldGNoOiBpbmhlcml0OyBmb250LXNpemU6IGluaGVyaXQ7IGxpbmUtaGVpZ2h0OiBpbmhlcml0OyBmb250LWZhbWlseTogaW5oZXJpdDsgdmVydGljYWwtYWxpZ246IGJhc2VsaW5lOyBib3JkZXItcmFkaXVzOiA0cHg7IGRpc3BsYXk6IGJsb2NrOyB3aWR0aDogNzQ2LjY3MnB4OyI+PC9zcGFuPjwvcD48cCBzdHlsZT0ibWFyZ2luLWJvdHRvbTogMnJlbTsgcGFkZGluZzogMHB4OyBib3JkZXI6IDBweDsgZm9udC12YXJpYW50LW51bWVyaWM6IGluaGVyaXQ7IGZvbnQtc3RyZXRjaDogaW5oZXJpdDsgZm9udC1zaXplOiAyMS4zMzMzcHg7IGxpbmUtaGVpZ2h0OiBpbmhlcml0OyBmb250LWZhbWlseTogJnF1b3Q7U291cmNlIFNhbnMgUHJvJnF1b3Q7LCBzYW5zLXNlcmlmOyB2ZXJ0aWNhbC1hbGlnbjogYmFzZWxpbmU7Ij5BZGlwaXNjaW5nIG1hZ25hIHNlZCBkb2xvciBlbGl0LiBQcmFlc2VudCBlbGVpZmVuZCBkaWduaXNzaW0gYXJjdSwgYXQgZWxlaWZlbmQgc2FwaWVuIGltcGVyZGlldCBhYy4gQWxpcXVhbSBlcmF0IHZvbHV0cGF0LiBQcmFlc2VudCB1cm5hIG5pc2ksIGZyaW5naWxhIGxvcmVtIGV0IHZlaGljdWxhIGxhY2luaWEgcXVhbS4gSW50ZWdlciBzb2xsaWNpdHVkaW4gbWF1cmlzIG5lYyBsb3JlbSBsdWN0dXMgdWx0cmljZXMuPC9wPjxwIHN0eWxlPSJtYXJnaW4tYm90dG9tOiAycmVtOyBwYWRkaW5nOiAwcHg7IGJvcmRlcjogMHB4OyBmb250LXZhcmlhbnQtbnVtZXJpYzogaW5oZXJpdDsgZm9udC1zdHJldGNoOiBpbmhlcml0OyBmb250LXNpemU6IDIxLjMzMzNweDsgbGluZS1oZWlnaHQ6IGluaGVyaXQ7IGZvbnQtZmFtaWx5OiAmcXVvdDtTb3VyY2UgU2FucyBQcm8mcXVvdDssIHNhbnMtc2VyaWY7IHZlcnRpY2FsLWFsaWduOiBiYXNlbGluZTsiPk51bGxhbSBldCBvcmNpIGV1IGxvcmVtIGNvbnNlcXVhdCB0aW5jaWR1bnQgdml2YW11cyBldCBzYWdpdHRpcyBsaWJlcm8uIE1hdXJpcyBhbGlxdWV0IG1hZ25hIG1hZ25hIHNlZCBudW5jIHJob25jdXMgcGhhcmV0cmEuIFBlbGxlbnRlc3F1ZSBjb25kaW1lbnR1bSBzZW0uIEluIGVmZmljaXR1ciBsaWd1bGEgdGF0ZSB1cm5hLiBNYWVjZW5hcyBsYW9yZWV0IG1hc3NhIHZlbCBsYWNpbmlhIHBlbGxlbnRlc3F1ZSBsb3JlbSBpcHN1bSBkb2xvci4gTnVsbGFtIGV0IG9yY2kgZXUgbG9yZW0gY29uc2VxdWF0IHRpbmNpZHVudC4gVml2YW11cyBldCBzYWdpdHRpcyBsaWJlcm8uIE1hdXJpcyBhbGlxdWV0IG1hZ25hIG1hZ25hIHNlZCBudW5jIHJob25jdXMgYW1ldCBmZXVnaWF0IHRlbXB1cy48L3A+', 'user26', 0, 0, 1),
(31, 'dolor sit amet', 'PGgyIGNsYXNzPSJtYWpvciIgc3R5bGU9Im1hcmdpbjogMHB4IDBweCAycmVtOyBwYWRkaW5nOiAwcHggMHB4IDAuNXJlbTsgYm9yZGVyLXdpZHRoOiAwcHggMHB4IDFweDsgYm9yZGVyLXRvcC1zdHlsZTogaW5pdGlhbDsgYm9yZGVyLXJpZ2h0LXN0eWxlOiBpbml0aWFsOyBib3JkZXItYm90dG9tLXN0eWxlOiBzb2xpZDsgYm9yZGVyLWxlZnQtc3R5bGU6IGluaXRpYWw7IGJvcmRlci10b3AtY29sb3I6IGluaXRpYWw7IGJvcmRlci1yaWdodC1jb2xvcjogaW5pdGlhbDsgYm9yZGVyLWJvdHRvbS1jb2xvcjogcmdiKDI1NSwgMjU1LCAyNTUpOyBib3JkZXItbGVmdC1jb2xvcjogaW5pdGlhbDsgYm9yZGVyLWltYWdlOiBpbml0aWFsOyBmb250LXZhcmlhbnQtbnVtZXJpYzogaW5oZXJpdDsgZm9udC13ZWlnaHQ6IDYwMDsgZm9udC1zdHJldGNoOiBpbmhlcml0OyBmb250LXNpemU6IDEuNXJlbTsgbGluZS1oZWlnaHQ6IDEuNDsgZm9udC1mYW1pbHk6ICZxdW90O1NvdXJjZSBTYW5zIFBybyZxdW90Oywgc2Fucy1zZXJpZjsgdmVydGljYWwtYWxpZ246IGJhc2VsaW5lOyB0ZXh0LXRyYW5zZm9ybTogdXBwZXJjYXNlOyBsZXR0ZXItc3BhY2luZzogMC41cmVtOyB3aWR0aDogbWF4LWNvbnRlbnQ7Ij5BQk9VVDwvaDI+PHA+PHNwYW4gY2xhc3M9ImltYWdlIG1haW4iIHN0eWxlPSJtYXJnaW46IDIuNXJlbSAwcHg7IHBhZGRpbmc6IDBweDsgYm9yZGVyOiAwcHg7IGZvbnQtdmFyaWFudC1udW1lcmljOiBpbmhlcml0OyBmb250LXN0cmV0Y2g6IGluaGVyaXQ7IGZvbnQtc2l6ZTogMjEuMzMzM3B4OyBsaW5lLWhlaWdodDogaW5oZXJpdDsgZm9udC1mYW1pbHk6ICZxdW90O1NvdXJjZSBTYW5zIFBybyZxdW90Oywgc2Fucy1zZXJpZjsgdmVydGljYWwtYWxpZ246IGJhc2VsaW5lOyBib3JkZXItcmFkaXVzOiA0cHg7IGRpc3BsYXk6IGJsb2NrOyBwb3NpdGlvbjogcmVsYXRpdmU7IHdpZHRoOiA3NDYuNjcycHg7Ij48aW1nIHNyYz0iaHR0cHM6Ly9odG1sNXVwLm5ldC91cGxvYWRzL2RlbW9zL2RpbWVuc2lvbi9pbWFnZXMvcGljMDMuanBnIiBhbHQ9IiIgc3R5bGU9Im1hcmdpbjogMHB4OyBwYWRkaW5nOiAwcHg7IGZvbnQtc3R5bGU6IGluaGVyaXQ7IGZvbnQtdmFyaWFudDogaW5oZXJpdDsgZm9udC13ZWlnaHQ6IGluaGVyaXQ7IGZvbnQtc3RyZXRjaDogaW5oZXJpdDsgZm9udC1zaXplOiBpbmhlcml0OyBsaW5lLWhlaWdodDogaW5oZXJpdDsgZm9udC1mYW1pbHk6IGluaGVyaXQ7IHZlcnRpY2FsLWFsaWduOiBiYXNlbGluZTsgYm9yZGVyLXJhZGl1czogNHB4OyBkaXNwbGF5OiBibG9jazsgd2lkdGg6IDc0Ni42NzJweDsiPjwvc3Bhbj48L3A+PHAgc3R5bGU9Im1hcmdpbi1ib3R0b206IDJyZW07IHBhZGRpbmc6IDBweDsgYm9yZGVyOiAwcHg7IGZvbnQtdmFyaWFudC1udW1lcmljOiBpbmhlcml0OyBmb250LXN0cmV0Y2g6IGluaGVyaXQ7IGZvbnQtc2l6ZTogMjEuMzMzM3B4OyBsaW5lLWhlaWdodDogaW5oZXJpdDsgZm9udC1mYW1pbHk6ICZxdW90O1NvdXJjZSBTYW5zIFBybyZxdW90Oywgc2Fucy1zZXJpZjsgdmVydGljYWwtYWxpZ246IGJhc2VsaW5lOyI+TG9yZW0gaXBzdW0gZG9sb3Igc2l0IGFtZXQsIGNvbnNlY3RldHVyIGV0IGFkaXBpc2NpbmcgZWxpdC4gUHJhZXNlbnQgZWxlaWZlbmQgZGlnbmlzc2ltIGFyY3UsIGF0IGVsZWlmZW5kIHNhcGllbiBpbXBlcmRpZXQgYWMuIEFsaXF1YW0gZXJhdCB2b2x1dHBhdC4gUHJhZXNlbnQgdXJuYSBuaXNpLCBmcmluZ2lsYSBsb3JlbSBldCB2ZWhpY3VsYSBsYWNpbmlhIHF1YW0uIEludGVnZXIgc29sbGljaXR1ZGluIG1hdXJpcyBuZWMgbG9yZW0gbHVjdHVzIHVsdHJpY2VzLiBBbGlxdWFtIGxpYmVybyBldCBtYWxlc3VhZGEgZmFtZXMgYWMgYW50ZSBpcHN1bSBwcmltaXMgaW4gZmF1Y2lidXMuIENyYXMgdml2ZXJyYSBsaWd1bGEgc2l0IGFtZXQgZXggbW9sbGlzIG1hdHRpcyBsb3JlbSBpcHN1bSBkb2xvciBzaXQgYW1ldC48L3A+', 'user46', 0, 0, 1);
INSERT INTO `tema` (`id`, `titulo`, `contenido`, `autor`, `votos`, `comentarios`, `categoria`) VALUES
(32, 'Massa libero', 'PGhlYWRlciBjbGFzcz0ibWFqb3IiIHN0eWxlPSJtYXJnaW46IDBweCAwcHggMmVtOyBwYWRkaW5nOiAwcHg7IGJvcmRlci13aWR0aDogMHB4OyBib3JkZXItc3R5bGU6IGluaXRpYWw7IGJvcmRlci1jb2xvcjogaW5pdGlhbDsgZm9udC12YXJpYW50LW51bWVyaWM6IGluaGVyaXQ7IGZvbnQtc3RyZXRjaDogaW5oZXJpdDsgZm9udC1zaXplOiAyMi42NjY3cHg7IGxpbmUtaGVpZ2h0OiBpbmhlcml0OyBmb250LWZhbWlseTogJnF1b3Q7U291cmNlIFNhbnMgUHJvJnF1b3Q7LCBIZWx2ZXRpY2EsIHNhbnMtc2VyaWY7IHZlcnRpY2FsLWFsaWduOiBiYXNlbGluZTsgd2lkdGg6IG1heC1jb250ZW50OyBjb2xvcjogcmdiKDI1NSwgMjU1LCAyNTUpOyBsZXR0ZXItc3BhY2luZzogMC41NjY2NjdweDsgYmFja2dyb3VuZC1jb2xvcjogcmdiKDQyLCA0NywgNzQpOyI+PGgyIHN0eWxlPSJtYXJnaW46IDBweDsgcGFkZGluZzogMHB4OyBib3JkZXI6IDBweDsgZm9udC1zdHlsZTogaW5oZXJpdDsgZm9udC12YXJpYW50OiBpbmhlcml0OyBmb250LXdlaWdodDogNjAwOyBmb250LXN0cmV0Y2g6IGluaGVyaXQ7IGZvbnQtc2l6ZTogMS43NWVtOyBsaW5lLWhlaWdodDogMS42NTsgZm9udC1mYW1pbHk6IGluaGVyaXQ7IHZlcnRpY2FsLWFsaWduOiBiYXNlbGluZTsgY29sb3I6IHJnYigyNTUsIDI1NSwgMjU1KTsgd2lkdGg6IGNhbGMoMTAwJSArIDAuNWVtKTsiPk1hc3NhIGxpYmVybzwvaDI+PC9oZWFkZXI+PHAgc3R5bGU9Im1hcmdpbi1ib3R0b206IDJlbTsgcGFkZGluZzogMHB4OyBib3JkZXI6IDBweDsgZm9udC12YXJpYW50LW51bWVyaWM6IGluaGVyaXQ7IGZvbnQtc3RyZXRjaDogaW5oZXJpdDsgZm9udC1zaXplOiAyMi42NjY3cHg7IGxpbmUtaGVpZ2h0OiBpbmhlcml0OyBmb250LWZhbWlseTogJnF1b3Q7U291cmNlIFNhbnMgUHJvJnF1b3Q7LCBIZWx2ZXRpY2EsIHNhbnMtc2VyaWY7IHZlcnRpY2FsLWFsaWduOiBiYXNlbGluZTsgY29sb3I6IHJnYigyNTUsIDI1NSwgMjU1KTsgbGV0dGVyLXNwYWNpbmc6IDAuNTY2NjY3cHg7IGJhY2tncm91bmQtY29sb3I6IHJnYig0MiwgNDcsIDc0KTsiPk51bGxhbSBldCBvcmNpIGV1IGxvcmVtIGNvbnNlcXVhdCB0aW5jaWR1bnQgdml2YW11cyBldCBzYWdpdHRpcyBsaWJlcm8uIE1hdXJpcyBhbGlxdWV0IG1hZ25hIG1hZ25hIHNlZCBudW5jIHJob25jdXMgcGhhcmV0cmEuIFBlbGxlbnRlc3F1ZSBjb25kaW1lbnR1bSBzZW0uIEluIGVmZmljaXR1ciBsaWd1bGEgdGF0ZSB1cm5hLiBNYWVjZW5hcyBsYW9yZWV0IG1hc3NhIHZlbCBsYWNpbmlhIHBlbGxlbnRlc3F1ZSBsb3JlbSBpcHN1bSBkb2xvci4gTnVsbGFtIGV0IG9yY2kgZXUgbG9yZW0gY29uc2VxdWF0IHRpbmNpZHVudC4gVml2YW11cyBldCBzYWdpdHRpcyBsaWJlcm8uIE1hdXJpcyBhbGlxdWV0IG1hZ25hIG1hZ25hIHNlZCBudW5jIHJob25jdXMgYW1ldCBwaGFyZXRyYSBldCBmZXVnaWF0IHRlbXB1cy48L3A+', 'lluismat', 0, 0, 1);

-- --------------------------------------------------------

--
-- Estructura de tabla para la tabla `users`
--

CREATE TABLE `users` (
  `id` int(11) NOT NULL,
  `username` varchar(45) NOT NULL,
  `name` varchar(45) CHARACTER SET utf8 COLLATE utf8_spanish_ci DEFAULT NULL,
  `surname` varchar(45) CHARACTER SET utf8 COLLATE utf8_spanish_ci DEFAULT NULL,
  `email` varchar(45) NOT NULL,
  `password` varchar(100) DEFAULT NULL,
  `token` varchar(100) DEFAULT NULL,
  `tipo` varchar(45) DEFAULT NULL,
  `birthday` varchar(45) DEFAULT NULL,
  `country` varchar(45) CHARACTER SET utf8 COLLATE utf8_spanish_ci DEFAULT NULL,
  `city` varchar(45) CHARACTER SET utf8 COLLATE utf8_spanish_ci DEFAULT NULL,
  `description` varchar(200) CHARACTER SET utf8 COLLATE utf8_spanish_ci NOT NULL,
  `avatar` varchar(200) DEFAULT NULL,
  `friends` longtext NOT NULL,
  `activo` tinyint(4) DEFAULT NULL
) ENGINE=InnoDB DEFAULT CHARSET=latin1;

--
-- Volcado de datos para la tabla `users`
--

INSERT INTO `users` (`id`, `username`, `name`, `surname`, `email`, `password`, `token`, `tipo`, `birthday`, `country`, `city`, `description`, `avatar`, `friends`, `activo`) VALUES
(42, 'lluismat', 'Lluis', 'Mataix', 'mataix.lluis@gmail.com', '$2a$10$pzGopBN34WinnV01LPKaYeExVBAkLo.EjysgqRtCVhjqImwMMXmau', 'Autentificado', 'usuario', NULL, 'ES', 'Bocairent', 'Ola k ase', 'default_user.png', 'bot,admin', 1),
(43, 'admin', 'admin', 'admin', 'admin@admin.com', '$2a$10$NwDnCuMeNPYBshMlFb1zju3akhBW4uUUE3jeifDf5am/ypFXJljRm', 'Autentificado', 'admin', NULL, 'ES', '', 'Admin Strongertogether', 'admin.gif', '', 1),
(45, 'user35', 'user', 'useruser', 'user35@gmail.com', '$2a$10$c7WfPstX1rCCL3b4yQpuQOK7o8P0Bte0tZxWRkC/GYMQ3FQvpg9lS', 'Autentificado', 'usuario', NULL, NULL, NULL, '', 'default_user.png', '', 1),
(46, 'user46', 'user', 'useruser', 'user46@gmail.com', '$2a$10$c7WfPstX1rCCL3b4yQpuQOK7o8P0Bte0tZxWRkC/GYMQ3FQvpg9lS', 'Autentificado', 'usuario', NULL, NULL, NULL, '', 'default_user.png', '', 1),
(47, 'user26', 'user', 'useruser', 'user26@gmail.com', '$2a$10$c7WfPstX1rCCL3b4yQpuQOK7o8P0Bte0tZxWRkC/GYMQ3FQvpg9lS', 'Autentificado', 'usuario', NULL, NULL, NULL, '', 'default_user.png', '', 1);

--
-- Índices para tablas volcadas
--

--
-- Indices de la tabla `categoria`
--
ALTER TABLE `categoria`
  ADD PRIMARY KEY (`id`),
  ADD UNIQUE KEY `orden` (`orden`);

--
-- Indices de la tabla `comentarios`
--
ALTER TABLE `comentarios`
  ADD PRIMARY KEY (`id`),
  ADD KEY `id` (`tema`);

--
-- Indices de la tabla `hospitals`
--
ALTER TABLE `hospitals`
  ADD PRIMARY KEY (`id`);

--
-- Indices de la tabla `mensajes`
--
ALTER TABLE `mensajes`
  ADD PRIMARY KEY (`id`);

--
-- Indices de la tabla `tema`
--
ALTER TABLE `tema`
  ADD PRIMARY KEY (`id`),
  ADD KEY `categoria` (`categoria`);

--
-- Indices de la tabla `users`
--
ALTER TABLE `users`
  ADD PRIMARY KEY (`id`),
  ADD UNIQUE KEY `username` (`username`),
  ADD UNIQUE KEY `email` (`email`);

--
-- AUTO_INCREMENT de las tablas volcadas
--

--
-- AUTO_INCREMENT de la tabla `categoria`
--
ALTER TABLE `categoria`
  MODIFY `id` int(11) NOT NULL AUTO_INCREMENT, AUTO_INCREMENT=6;
--
-- AUTO_INCREMENT de la tabla `comentarios`
--
ALTER TABLE `comentarios`
  MODIFY `id` int(11) NOT NULL AUTO_INCREMENT, AUTO_INCREMENT=5;
--
-- AUTO_INCREMENT de la tabla `mensajes`
--
ALTER TABLE `mensajes`
  MODIFY `id` int(11) NOT NULL AUTO_INCREMENT, AUTO_INCREMENT=9;
--
-- AUTO_INCREMENT de la tabla `tema`
--
ALTER TABLE `tema`
  MODIFY `id` int(11) NOT NULL AUTO_INCREMENT, AUTO_INCREMENT=33;
--
-- AUTO_INCREMENT de la tabla `users`
--
ALTER TABLE `users`
  MODIFY `id` int(11) NOT NULL AUTO_INCREMENT, AUTO_INCREMENT=48;
--
-- Restricciones para tablas volcadas
--

--
-- Filtros para la tabla `comentarios`
--
ALTER TABLE `comentarios`
  ADD CONSTRAINT `id` FOREIGN KEY (`tema`) REFERENCES `tema` (`id`) ON DELETE NO ACTION ON UPDATE NO ACTION;

--
-- Filtros para la tabla `tema`
--
ALTER TABLE `tema`
  ADD CONSTRAINT `tema_ibfk_1` FOREIGN KEY (`categoria`) REFERENCES `categoria` (`id`);
COMMIT;

/*!40101 SET CHARACTER_SET_CLIENT=@OLD_CHARACTER_SET_CLIENT */;
/*!40101 SET CHARACTER_SET_RESULTS=@OLD_CHARACTER_SET_RESULTS */;
/*!40101 SET COLLATION_CONNECTION=@OLD_COLLATION_CONNECTION */;
